"hid","xiaoqu"
"1","龙锦苑4区"
"2","龙锦苑4区"
"3","龙锦苑4区"
"4","龙锦苑4区"
"5","龙锦苑4区"
"6","龙锦苑4区"
"7","龙锦苑4区"
"8","龙锦苑4区"
"9","龙锦苑4区"
"10","龙锦苑4区"
"11","龙锦苑4区"
"12","龙锦苑4区"
"13","龙锦苑4区"
"14","龙锦苑4区"
"15","龙锦苑4区"
"16","龙锦苑4区"
"17","龙锦苑4区"
"18","龙锦苑4区"
"19","龙锦苑4区"
"20","龙锦苑4区"
"21","龙锦苑4区"
"22","龙锦苑4区"
"23","龙锦苑4区"
"24","龙锦苑4区"
"25","龙锦苑4区"
"26","龙锦苑4区"
"27","龙锦苑4区"
"28","龙锦苑4区"
"29","龙锦苑4区"
"30","龙锦苑4区"
"31","龙锦苑4区"
"32","龙锦苑4区"
"33","龙锦苑4区"
"34","龙锦苑4区"
"35","龙锦苑4区"
"36","龙锦苑4区"
"37","龙锦苑4区"
"38","龙锦苑4区"
"39","龙锦苑4区"
"40","龙锦苑4区"
"41","龙锦苑4区"
"42","龙锦苑4区"
"43","龙锦苑4区"
"44","龙锦苑4区"
"45","龙锦苑4区"
"46","龙锦苑4区"
"47","龙锦苑4区"
"48","龙锦苑4区"
"49","龙锦苑4区"
"50","龙锦苑4区"
"51","龙锦苑4区"
"52","龙锦苑4区"
"53","龙锦苑4区"
"54","龙锦苑4区"
"55","龙锦苑4区"
"56","龙锦苑4区"
"57","龙锦苑4区"
"58","龙锦苑4区"
"59","龙锦苑4区"
"60","龙锦苑4区"
"61","龙锦苑4区"
"62","龙锦苑4区"
"63","龙锦苑4区"
"64","龙锦苑4区"
"65","龙锦苑4区"
"66","龙锦苑4区"
"67","龙锦苑4区"
"68","龙锦苑4区"
"69","龙锦苑4区"
"70","龙锦苑4区"
"71","龙锦苑4区"
"72","龙锦苑4区"
"73","龙锦苑4区"
"74","龙锦苑4区"
"75","龙锦苑4区"
"76","龙锦苑4区"
"77","龙锦苑4区"
"78","龙锦苑4区"
"79","龙锦苑4区"
"80","龙锦苑4区"
"81","龙锦苑4区"
"82","龙锦苑4区"
"83","龙锦苑4区"
"84","龙锦苑4区"
"85","龙锦苑4区"
"86","龙锦苑4区"
"87","龙锦苑4区"
"88","龙锦苑4区"
"89","龙锦苑4区"
"90","龙锦苑4区"
"91","龙锦苑4区"
"92","龙锦苑4区"
"93","龙锦苑4区"
"94","龙锦苑4区"
"95","龙锦苑4区"
"96","龙锦苑4区"
"97","龙锦苑4区"
"98","龙锦苑4区"
"99","龙锦苑4区"
"100","龙锦苑4区"
"1","良庄家园"
"2","良庄家园"
"3","良庄家园"
"4","良庄家园"
"5","良庄家园"
"6","良庄家园"
"7","良庄家园"
"8","良庄家园"
"9","良庄家园"
"10","良庄家园"
"11","良庄家园"
"12","良庄家园"
"13","良庄家园"
"14","良庄家园"
"15","良庄家园"
"16","良庄家园"
"17","良庄家园"
"18","良庄家园"
"19","良庄家园"
"20","良庄家园"
"21","良庄家园"
"22","良庄家园"
"23","良庄家园"
"24","良庄家园"
"25","良庄家园"
"26","良庄家园"
"27","良庄家园"
"28","良庄家园"
"29","良庄家园"
"30","良庄家园"
"31","良庄家园"
"32","良庄家园"
"33","良庄家园"
"34","良庄家园"
"35","良庄家园"
"36","良庄家园"
"37","良庄家园"
"38","良庄家园"
"39","良庄家园"
"40","良庄家园"
"41","良庄家园"
"42","良庄家园"
"43","良庄家园"
"44","良庄家园"
"45","良庄家园"
"46","良庄家园"
"47","良庄家园"
"48","良庄家园"
"49","良庄家园"
"50","良庄家园"
"51","良庄家园"
"52","良庄家园"
"53","良庄家园"
"54","良庄家园"
"55","良庄家园"
"56","良庄家园"
"57","良庄家园"
"58","良庄家园"
"59","良庄家园"
"60","良庄家园"
"61","良庄家园"
"62","良庄家园"
"63","良庄家园"
"64","良庄家园"
"65","良庄家园"
"66","良庄家园"
"67","良庄家园"
"68","良庄家园"
"69","良庄家园"
"70","良庄家园"
"71","良庄家园"
"72","良庄家园"
"73","良庄家园"
"74","良庄家园"
"75","良庄家园"
"76","良庄家园"
"77","良庄家园"
"78","良庄家园"
"79","良庄家园"
"80","良庄家园"
"81","良庄家园"
"82","良庄家园"
"83","良庄家园"
"84","良庄家园"
"85","良庄家园"
"86","良庄家园"
"87","良庄家园"
"88","良庄家园"
"89","良庄家园"
"90","良庄家园"
"91","良庄家园"
"92","良庄家园"
"93","良庄家园"
"94","良庄家园"
"95","良庄家园"
"96","良庄家园"
"97","良庄家园"
"98","良庄家园"
"99","良庄家园"
"100","良庄家园"
"1","上坡佳园"
"2","上坡佳园"
"3","上坡佳园"
"4","上坡佳园"
"5","上坡佳园"
"6","上坡佳园"
"7","上坡佳园"
"8","上坡佳园"
"9","上坡佳园"
"10","上坡佳园"
"11","上坡佳园"
"12","上坡佳园"
"13","上坡佳园"
"14","上坡佳园"
"15","上坡佳园"
"16","上坡佳园"
"17","上坡佳园"
"18","上坡佳园"
"19","上坡佳园"
"20","上坡佳园"
"21","上坡佳园"
"22","上坡佳园"
"23","上坡佳园"
"24","上坡佳园"
"25","上坡佳园"
"26","上坡佳园"
"27","上坡佳园"
"28","上坡佳园"
"29","上坡佳园"
"30","上坡佳园"
"31","上坡佳园"
"32","上坡佳园"
"33","上坡佳园"
"34","上坡佳园"
"35","上坡佳园"
"36","上坡佳园"
"37","上坡佳园"
"38","上坡佳园"
"39","上坡佳园"
"40","上坡佳园"
"41","上坡佳园"
"42","上坡佳园"
"43","上坡佳园"
"44","上坡佳园"
"45","上坡佳园"
"46","上坡佳园"
"47","上坡佳园"
"48","上坡佳园"
"49","上坡佳园"
"50","上坡佳园"
"51","上坡佳园"
"52","上坡佳园"
"53","上坡佳园"
"54","上坡佳园"
"55","上坡佳园"
"56","上坡佳园"
"57","上坡佳园"
"58","上坡佳园"
"59","上坡佳园"
"60","上坡佳园"
"61","上坡佳园"
"62","上坡佳园"
"63","上坡佳园"
"64","上坡佳园"
"65","上坡佳园"
"66","上坡佳园"
"67","上坡佳园"
"68","上坡佳园"
"69","上坡佳园"
"70","上坡佳园"
"71","上坡佳园"
"72","上坡佳园"
"73","上坡佳园"
"74","上坡佳园"
"75","上坡佳园"
"76","上坡佳园"
"77","上坡佳园"
"78","上坡佳园"
"79","上坡佳园"
"80","上坡佳园"
"81","上坡佳园"
"82","上坡佳园"
"83","上坡佳园"
"84","上坡佳园"
"85","上坡佳园"
"86","上坡佳园"
"87","上坡佳园"
"88","上坡佳园"
"89","上坡佳园"
"90","上坡佳园"
"91","上坡佳园"
"92","上坡佳园"
"93","上坡佳园"
"94","上坡佳园"
"95","上坡佳园"
"96","上坡佳园"
"97","上坡佳园"
"98","上坡佳园"
"99","上坡佳园"
"100","上坡佳园"
"1","领秀慧谷A区"
"2","领秀慧谷A区"
"3","领秀慧谷A区"
"4","领秀慧谷A区"
"5","领秀慧谷A区"
"6","领秀慧谷A区"
"7","领秀慧谷A区"
"8","领秀慧谷A区"
"9","领秀慧谷A区"
"10","领秀慧谷A区"
"11","领秀慧谷A区"
"12","领秀慧谷A区"
"13","领秀慧谷A区"
"14","领秀慧谷A区"
"15","领秀慧谷A区"
"16","领秀慧谷A区"
"17","领秀慧谷A区"
"18","领秀慧谷A区"
"19","领秀慧谷A区"
"20","领秀慧谷A区"
"21","领秀慧谷A区"
"22","领秀慧谷A区"
"23","领秀慧谷A区"
"24","领秀慧谷A区"
"25","领秀慧谷A区"
"26","领秀慧谷A区"
"27","领秀慧谷A区"
"28","领秀慧谷A区"
"29","领秀慧谷A区"
"30","领秀慧谷A区"
"31","领秀慧谷A区"
"32","领秀慧谷A区"
"33","领秀慧谷A区"
"34","领秀慧谷A区"
"35","领秀慧谷A区"
"36","领秀慧谷A区"
"37","领秀慧谷A区"
"38","领秀慧谷A区"
"39","领秀慧谷A区"
"40","领秀慧谷A区"
"41","领秀慧谷A区"
"42","领秀慧谷A区"
"43","领秀慧谷A区"
"44","领秀慧谷A区"
"45","领秀慧谷A区"
"46","领秀慧谷A区"
"47","领秀慧谷A区"
"48","领秀慧谷A区"
"49","领秀慧谷A区"
"50","领秀慧谷A区"
"51","领秀慧谷A区"
"52","领秀慧谷A区"
"53","领秀慧谷A区"
"54","领秀慧谷A区"
"55","领秀慧谷A区"
"56","领秀慧谷A区"
"57","领秀慧谷A区"
"58","领秀慧谷A区"
"59","领秀慧谷A区"
"60","领秀慧谷A区"
"61","领秀慧谷A区"
"62","领秀慧谷A区"
"63","领秀慧谷A区"
"64","领秀慧谷A区"
"65","领秀慧谷A区"
"66","领秀慧谷A区"
"67","领秀慧谷A区"
"68","领秀慧谷A区"
"69","领秀慧谷A区"
"70","领秀慧谷A区"
"71","领秀慧谷A区"
"72","领秀慧谷A区"
"73","领秀慧谷A区"
"74","领秀慧谷A区"
"75","领秀慧谷A区"
"76","领秀慧谷A区"
"77","领秀慧谷A区"
"78","领秀慧谷A区"
"79","领秀慧谷A区"
"80","领秀慧谷A区"
"81","领秀慧谷A区"
"82","领秀慧谷A区"
"83","领秀慧谷A区"
"84","领秀慧谷A区"
"85","领秀慧谷A区"
"86","领秀慧谷A区"
"87","领秀慧谷A区"
"88","领秀慧谷A区"
"89","领秀慧谷A区"
"90","领秀慧谷A区"
"91","领秀慧谷A区"
"92","领秀慧谷A区"
"93","领秀慧谷A区"
"94","领秀慧谷A区"
"95","领秀慧谷A区"
"96","领秀慧谷A区"
"97","领秀慧谷A区"
"98","领秀慧谷A区"
"99","领秀慧谷A区"
"100","领秀慧谷A区"
"1","龙泽苑西区"
"2","龙泽苑西区"
"3","龙泽苑西区"
"4","龙泽苑西区"
"5","龙泽苑西区"
"6","龙泽苑西区"
"7","龙泽苑西区"
"8","龙泽苑西区"
"9","龙泽苑西区"
"10","龙泽苑西区"
"11","龙泽苑西区"
"12","龙泽苑西区"
"13","龙泽苑西区"
"14","龙泽苑西区"
"15","龙泽苑西区"
"16","龙泽苑西区"
"17","龙泽苑西区"
"18","龙泽苑西区"
"19","龙泽苑西区"
"20","龙泽苑西区"
"21","龙泽苑西区"
"22","龙泽苑西区"
"23","龙泽苑西区"
"24","龙泽苑西区"
"25","龙泽苑西区"
"26","龙泽苑西区"
"27","龙泽苑西区"
"28","龙泽苑西区"
"29","龙泽苑西区"
"30","龙泽苑西区"
"31","龙泽苑西区"
"32","龙泽苑西区"
"33","龙泽苑西区"
"34","龙泽苑西区"
"35","龙泽苑西区"
"36","龙泽苑西区"
"37","龙泽苑西区"
"38","龙泽苑西区"
"39","龙泽苑西区"
"40","龙泽苑西区"
"41","龙泽苑西区"
"42","龙泽苑西区"
"43","龙泽苑西区"
"44","龙泽苑西区"
"45","龙泽苑西区"
"46","龙泽苑西区"
"47","龙泽苑西区"
"48","龙泽苑西区"
"49","龙泽苑西区"
"50","龙泽苑西区"
"51","龙泽苑西区"
"52","龙泽苑西区"
"53","龙泽苑西区"
"54","龙泽苑西区"
"55","龙泽苑西区"
"56","龙泽苑西区"
"57","龙泽苑西区"
"58","龙泽苑西区"
"59","龙泽苑西区"
"60","龙泽苑西区"
"61","龙泽苑西区"
"62","龙泽苑西区"
"63","龙泽苑西区"
"64","龙泽苑西区"
"65","龙泽苑西区"
"66","龙泽苑西区"
"67","龙泽苑西区"
"68","龙泽苑西区"
"69","龙泽苑西区"
"70","龙泽苑西区"
"71","龙泽苑西区"
"72","龙泽苑西区"
"73","龙泽苑西区"
"74","龙泽苑西区"
"75","龙泽苑西区"
"76","龙泽苑西区"
"77","龙泽苑西区"
"78","龙泽苑西区"
"79","龙泽苑西区"
"80","龙泽苑西区"
"81","龙泽苑西区"
"82","龙泽苑西区"
"83","龙泽苑西区"
"84","龙泽苑西区"
"85","龙泽苑西区"
"86","龙泽苑西区"
"87","龙泽苑西区"
"88","龙泽苑西区"
"89","龙泽苑西区"
"90","龙泽苑西区"
"91","龙泽苑西区"
"92","龙泽苑西区"
"93","龙泽苑西区"
"94","龙泽苑西区"
"95","龙泽苑西区"
"96","龙泽苑西区"
"97","龙泽苑西区"
"98","龙泽苑西区"
"99","龙泽苑西区"
"100","龙泽苑西区"
"1","龙锦苑东5区"
"2","龙锦苑东5区"
"3","龙锦苑东5区"
"4","龙锦苑东5区"
"5","龙锦苑东5区"
"6","龙锦苑东5区"
"7","龙锦苑东5区"
"8","龙锦苑东5区"
"9","龙锦苑东5区"
"10","龙锦苑东5区"
"11","龙锦苑东5区"
"12","龙锦苑东5区"
"13","龙锦苑东5区"
"14","龙锦苑东5区"
"15","龙锦苑东5区"
"16","龙锦苑东5区"
"17","龙锦苑东5区"
"18","龙锦苑东5区"
"19","龙锦苑东5区"
"20","龙锦苑东5区"
"21","龙锦苑东5区"
"22","龙锦苑东5区"
"23","龙锦苑东5区"
"24","龙锦苑东5区"
"25","龙锦苑东5区"
"26","龙锦苑东5区"
"27","龙锦苑东5区"
"28","龙锦苑东5区"
"29","龙锦苑东5区"
"30","龙锦苑东5区"
"31","龙锦苑东5区"
"32","龙锦苑东5区"
"33","龙锦苑东5区"
"34","龙锦苑东5区"
"35","龙锦苑东5区"
"36","龙锦苑东5区"
"37","龙锦苑东5区"
"38","龙锦苑东5区"
"39","龙锦苑东5区"
"40","龙锦苑东5区"
"41","龙锦苑东5区"
"42","龙锦苑东5区"
"43","龙锦苑东5区"
"44","龙锦苑东5区"
"45","龙锦苑东5区"
"46","龙锦苑东5区"
"47","龙锦苑东5区"
"48","龙锦苑东5区"
"49","龙锦苑东5区"
"50","龙锦苑东5区"
"51","龙锦苑东5区"
"52","龙锦苑东5区"
"53","龙锦苑东5区"
"54","龙锦苑东5区"
"55","龙锦苑东5区"
"56","龙锦苑东5区"
"57","龙锦苑东5区"
"58","龙锦苑东5区"
"59","龙锦苑东5区"
"60","龙锦苑东5区"
"61","龙锦苑东5区"
"62","龙锦苑东5区"
"63","龙锦苑东5区"
"64","龙锦苑东5区"
"65","龙锦苑东5区"
"66","龙锦苑东5区"
"67","龙锦苑东5区"
"68","龙锦苑东5区"
"69","龙锦苑东5区"
"70","龙锦苑东5区"
"71","龙锦苑东5区"
"72","龙锦苑东5区"
"73","龙锦苑东5区"
"74","龙锦苑东5区"
"75","龙锦苑东5区"
"76","龙锦苑东5区"
"77","龙锦苑东5区"
"78","龙锦苑东5区"
"79","龙锦苑东5区"
"80","龙锦苑东5区"
"81","龙锦苑东5区"
"82","龙锦苑东5区"
"83","龙锦苑东5区"
"84","龙锦苑东5区"
"85","龙锦苑东5区"
"86","龙锦苑东5区"
"87","龙锦苑东5区"
"88","龙锦苑东5区"
"89","龙锦苑东5区"
"90","龙锦苑东5区"
"91","龙锦苑东5区"
"92","龙锦苑东5区"
"93","龙锦苑东5区"
"94","龙锦苑东5区"
"95","龙锦苑东5区"
"96","龙锦苑东5区"
"97","龙锦苑东5区"
"98","龙锦苑东5区"
"99","龙锦苑东5区"
"100","龙锦苑东5区"
"1","住总旗胜家园"
"2","住总旗胜家园"
"3","住总旗胜家园"
"4","住总旗胜家园"
"5","住总旗胜家园"
"6","住总旗胜家园"
"7","住总旗胜家园"
"8","住总旗胜家园"
"9","住总旗胜家园"
"10","住总旗胜家园"
"11","住总旗胜家园"
"12","住总旗胜家园"
"13","住总旗胜家园"
"14","住总旗胜家园"
"15","住总旗胜家园"
"16","住总旗胜家园"
"17","住总旗胜家园"
"18","住总旗胜家园"
"19","住总旗胜家园"
"20","住总旗胜家园"
"21","住总旗胜家园"
"22","住总旗胜家园"
"23","住总旗胜家园"
"24","住总旗胜家园"
"25","住总旗胜家园"
"26","住总旗胜家园"
"27","住总旗胜家园"
"28","住总旗胜家园"
"29","住总旗胜家园"
"30","住总旗胜家园"
"31","住总旗胜家园"
"32","住总旗胜家园"
"33","住总旗胜家园"
"34","住总旗胜家园"
"35","住总旗胜家园"
"36","住总旗胜家园"
"37","住总旗胜家园"
"38","住总旗胜家园"
"39","住总旗胜家园"
"40","住总旗胜家园"
"41","住总旗胜家园"
"42","住总旗胜家园"
"43","住总旗胜家园"
"44","住总旗胜家园"
"45","住总旗胜家园"
"46","住总旗胜家园"
"47","住总旗胜家园"
"48","住总旗胜家园"
"49","住总旗胜家园"
"50","住总旗胜家园"
"51","住总旗胜家园"
"52","住总旗胜家园"
"53","住总旗胜家园"
"54","住总旗胜家园"
"55","住总旗胜家园"
"56","住总旗胜家园"
"57","住总旗胜家园"
"58","住总旗胜家园"
"59","住总旗胜家园"
"60","住总旗胜家园"
"61","住总旗胜家园"
"62","住总旗胜家园"
"63","住总旗胜家园"
"64","住总旗胜家园"
"65","住总旗胜家园"
"66","住总旗胜家园"
"67","住总旗胜家园"
"68","住总旗胜家园"
"69","住总旗胜家园"
"70","住总旗胜家园"
"71","住总旗胜家园"
"72","住总旗胜家园"
"73","住总旗胜家园"
"74","住总旗胜家园"
"75","住总旗胜家园"
"76","住总旗胜家园"
"77","住总旗胜家园"
"78","住总旗胜家园"
"79","住总旗胜家园"
"80","住总旗胜家园"
"81","住总旗胜家园"
"82","住总旗胜家园"
"83","住总旗胜家园"
"84","住总旗胜家园"
"85","住总旗胜家园"
"86","住总旗胜家园"
"87","住总旗胜家园"
"88","住总旗胜家园"
"89","住总旗胜家园"
"90","住总旗胜家园"
"91","住总旗胜家园"
"92","住总旗胜家园"
"93","住总旗胜家园"
"94","住总旗胜家园"
"95","住总旗胜家园"
"96","住总旗胜家园"
"97","住总旗胜家园"
"98","住总旗胜家园"
"99","住总旗胜家园"
"100","住总旗胜家园"
"1","华龙苑南里"
"2","华龙苑南里"
"3","华龙苑南里"
"4","华龙苑南里"
"5","华龙苑南里"
"6","华龙苑南里"
"7","华龙苑南里"
"8","华龙苑南里"
"9","华龙苑南里"
"10","华龙苑南里"
"11","华龙苑南里"
"12","华龙苑南里"
"13","华龙苑南里"
"14","华龙苑南里"
"15","华龙苑南里"
"16","华龙苑南里"
"17","华龙苑南里"
"18","华龙苑南里"
"19","华龙苑南里"
"20","华龙苑南里"
"21","华龙苑南里"
"22","华龙苑南里"
"23","华龙苑南里"
"24","华龙苑南里"
"25","华龙苑南里"
"26","华龙苑南里"
"27","华龙苑南里"
"28","华龙苑南里"
"29","华龙苑南里"
"30","华龙苑南里"
"31","华龙苑南里"
"32","华龙苑南里"
"33","华龙苑南里"
"34","华龙苑南里"
"35","华龙苑南里"
"36","华龙苑南里"
"37","华龙苑南里"
"38","华龙苑南里"
"39","华龙苑南里"
"40","华龙苑南里"
"41","华龙苑南里"
"42","华龙苑南里"
"43","华龙苑南里"
"44","华龙苑南里"
"45","华龙苑南里"
"46","华龙苑南里"
"47","华龙苑南里"
"48","华龙苑南里"
"49","华龙苑南里"
"50","华龙苑南里"
"51","华龙苑南里"
"52","华龙苑南里"
"53","华龙苑南里"
"54","华龙苑南里"
"55","华龙苑南里"
"56","华龙苑南里"
"57","华龙苑南里"
"58","华龙苑南里"
"59","华龙苑南里"
"60","华龙苑南里"
"61","华龙苑南里"
"62","华龙苑南里"
"63","华龙苑南里"
"64","华龙苑南里"
"65","华龙苑南里"
"66","华龙苑南里"
"67","华龙苑南里"
"68","华龙苑南里"
"69","华龙苑南里"
"70","华龙苑南里"
"71","华龙苑南里"
"72","华龙苑南里"
"73","华龙苑南里"
"74","华龙苑南里"
"75","华龙苑南里"
"76","华龙苑南里"
"77","华龙苑南里"
"78","华龙苑南里"
"79","华龙苑南里"
"80","华龙苑南里"
"81","华龙苑南里"
"82","华龙苑南里"
"83","华龙苑南里"
"84","华龙苑南里"
"85","华龙苑南里"
"86","华龙苑南里"
"87","华龙苑南里"
"88","华龙苑南里"
"89","华龙苑南里"
"90","华龙苑南里"
"91","华龙苑南里"
"92","华龙苑南里"
"93","华龙苑南里"
"94","华龙苑南里"
"95","华龙苑南里"
"96","华龙苑南里"
"97","华龙苑南里"
"98","华龙苑南里"
"99","华龙苑南里"
"100","华龙苑南里"
"1","慧华苑"
"2","慧华苑"
"3","慧华苑"
"4","慧华苑"
"5","慧华苑"
"6","慧华苑"
"7","慧华苑"
"8","慧华苑"
"9","慧华苑"
"10","慧华苑"
"11","慧华苑"
"12","慧华苑"
"13","慧华苑"
"14","慧华苑"
"15","慧华苑"
"16","慧华苑"
"17","慧华苑"
"18","慧华苑"
"19","慧华苑"
"20","慧华苑"
"21","慧华苑"
"22","慧华苑"
"23","慧华苑"
"24","慧华苑"
"25","慧华苑"
"26","慧华苑"
"27","慧华苑"
"28","慧华苑"
"29","慧华苑"
"30","慧华苑"
"31","慧华苑"
"32","慧华苑"
"33","慧华苑"
"34","慧华苑"
"35","慧华苑"
"36","慧华苑"
"37","慧华苑"
"38","慧华苑"
"39","慧华苑"
"40","慧华苑"
"41","慧华苑"
"42","慧华苑"
"43","慧华苑"
"44","慧华苑"
"45","慧华苑"
"46","慧华苑"
"47","慧华苑"
"48","慧华苑"
"49","慧华苑"
"50","慧华苑"
"51","慧华苑"
"52","慧华苑"
"53","慧华苑"
"54","慧华苑"
"55","慧华苑"
"56","慧华苑"
"57","慧华苑"
"58","慧华苑"
"59","慧华苑"
"60","慧华苑"
"61","慧华苑"
"62","慧华苑"
"63","慧华苑"
"64","慧华苑"
"65","慧华苑"
"66","慧华苑"
"67","慧华苑"
"68","慧华苑"
"69","慧华苑"
"70","慧华苑"
"71","慧华苑"
"72","慧华苑"
"73","慧华苑"
"74","慧华苑"
"75","慧华苑"
"76","慧华苑"
"77","慧华苑"
"78","慧华苑"
"79","慧华苑"
"80","慧华苑"
"81","慧华苑"
"82","慧华苑"
"83","慧华苑"
"84","慧华苑"
"85","慧华苑"
"86","慧华苑"
"87","慧华苑"
"88","慧华苑"
"89","慧华苑"
"90","慧华苑"
"91","慧华苑"
"92","慧华苑"
"93","慧华苑"
"94","慧华苑"
"95","慧华苑"
"96","慧华苑"
"97","慧华苑"
"98","慧华苑"
"99","慧华苑"
"100","慧华苑"
"1","农学院家属区"
"2","农学院家属区"
"3","农学院家属区"
"4","农学院家属区"
"5","农学院家属区"
"6","农学院家属区"
"7","农学院家属区"
"8","农学院家属区"
"9","农学院家属区"
"10","农学院家属区"
"11","农学院家属区"
"12","农学院家属区"
"13","农学院家属区"
"14","农学院家属区"
"15","农学院家属区"
"16","农学院家属区"
"17","农学院家属区"
"18","农学院家属区"
"19","农学院家属区"
"20","农学院家属区"
"21","农学院家属区"
"22","农学院家属区"
"23","农学院家属区"
"24","农学院家属区"
"25","农学院家属区"
"26","农学院家属区"
"27","农学院家属区"
"28","农学院家属区"
"29","农学院家属区"
"30","农学院家属区"
"31","农学院家属区"
"32","农学院家属区"
"33","农学院家属区"
"34","农学院家属区"
"35","农学院家属区"
"36","农学院家属区"
"37","农学院家属区"
"38","农学院家属区"
"39","农学院家属区"
"40","农学院家属区"
"41","农学院家属区"
"42","农学院家属区"
"43","农学院家属区"
"44","农学院家属区"
"45","农学院家属区"
"46","农学院家属区"
"47","农学院家属区"
"48","农学院家属区"
"49","农学院家属区"
"50","农学院家属区"
"51","农学院家属区"
"52","农学院家属区"
"53","农学院家属区"
"54","农学院家属区"
"55","农学院家属区"
"56","农学院家属区"
"57","农学院家属区"
"58","农学院家属区"
"59","农学院家属区"
"60","农学院家属区"
"61","农学院家属区"
"62","农学院家属区"
"63","农学院家属区"
"64","农学院家属区"
"65","农学院家属区"
"66","农学院家属区"
"67","农学院家属区"
"68","农学院家属区"
"69","农学院家属区"
"70","农学院家属区"
"71","农学院家属区"
"72","农学院家属区"
"73","农学院家属区"
"74","农学院家属区"
"75","农学院家属区"
"76","农学院家属区"
"77","农学院家属区"
"78","农学院家属区"
"79","农学院家属区"
"80","农学院家属区"
"81","农学院家属区"
"82","农学院家属区"
"83","农学院家属区"
"84","农学院家属区"
"85","农学院家属区"
"86","农学院家属区"
"87","农学院家属区"
"88","农学院家属区"
"89","农学院家属区"
"90","农学院家属区"
"91","农学院家属区"
"92","农学院家属区"
"93","农学院家属区"
"94","农学院家属区"
"95","农学院家属区"
"96","农学院家属区"
"97","农学院家属区"
"98","农学院家属区"
"99","农学院家属区"
"100","农学院家属区"
"1","佰嘉城"
"2","佰嘉城"
"3","佰嘉城"
"4","佰嘉城"
"5","佰嘉城"
"6","佰嘉城"
"7","佰嘉城"
"8","佰嘉城"
"9","佰嘉城"
"10","佰嘉城"
"11","佰嘉城"
"12","佰嘉城"
"13","佰嘉城"
"14","佰嘉城"
"15","佰嘉城"
"16","佰嘉城"
"17","佰嘉城"
"18","佰嘉城"
"19","佰嘉城"
"20","佰嘉城"
"21","佰嘉城"
"22","佰嘉城"
"23","佰嘉城"
"24","佰嘉城"
"25","佰嘉城"
"26","佰嘉城"
"27","佰嘉城"
"28","佰嘉城"
"29","佰嘉城"
"30","佰嘉城"
"31","佰嘉城"
"32","佰嘉城"
"33","佰嘉城"
"34","佰嘉城"
"35","佰嘉城"
"36","佰嘉城"
"37","佰嘉城"
"38","佰嘉城"
"39","佰嘉城"
"40","佰嘉城"
"41","佰嘉城"
"42","佰嘉城"
"43","佰嘉城"
"44","佰嘉城"
"45","佰嘉城"
"46","佰嘉城"
"47","佰嘉城"
"48","佰嘉城"
"49","佰嘉城"
"50","佰嘉城"
"51","佰嘉城"
"52","佰嘉城"
"53","佰嘉城"
"54","佰嘉城"
"55","佰嘉城"
"56","佰嘉城"
"57","佰嘉城"
"58","佰嘉城"
"59","佰嘉城"
"60","佰嘉城"
"61","佰嘉城"
"62","佰嘉城"
"63","佰嘉城"
"64","佰嘉城"
"65","佰嘉城"
"66","佰嘉城"
"67","佰嘉城"
"68","佰嘉城"
"69","佰嘉城"
"70","佰嘉城"
"71","佰嘉城"
"72","佰嘉城"
"73","佰嘉城"
"74","佰嘉城"
"75","佰嘉城"
"76","佰嘉城"
"77","佰嘉城"
"78","佰嘉城"
"79","佰嘉城"
"80","佰嘉城"
"81","佰嘉城"
"82","佰嘉城"
"83","佰嘉城"
"84","佰嘉城"
"85","佰嘉城"
"86","佰嘉城"
"87","佰嘉城"
"88","佰嘉城"
"89","佰嘉城"
"90","佰嘉城"
"91","佰嘉城"
"92","佰嘉城"
"93","佰嘉城"
"94","佰嘉城"
"95","佰嘉城"
"96","佰嘉城"
"97","佰嘉城"
"98","佰嘉城"
"99","佰嘉城"
"100","佰嘉城"
"1","国仕汇"
"2","国仕汇"
"3","国仕汇"
"4","国仕汇"
"5","国仕汇"
"6","国仕汇"
"7","国仕汇"
"8","国仕汇"
"9","国仕汇"
"10","国仕汇"
"11","国仕汇"
"12","国仕汇"
"13","国仕汇"
"14","国仕汇"
"15","国仕汇"
"16","国仕汇"
"17","国仕汇"
"18","国仕汇"
"19","国仕汇"
"20","国仕汇"
"21","国仕汇"
"22","国仕汇"
"23","国仕汇"
"24","国仕汇"
"25","国仕汇"
"26","国仕汇"
"27","国仕汇"
"28","国仕汇"
"29","国仕汇"
"30","国仕汇"
"31","国仕汇"
"32","国仕汇"
"33","国仕汇"
"34","国仕汇"
"35","国仕汇"
"36","国仕汇"
"37","国仕汇"
"38","国仕汇"
"39","国仕汇"
"40","国仕汇"
"41","国仕汇"
"42","国仕汇"
"43","国仕汇"
"44","国仕汇"
"45","国仕汇"
"46","国仕汇"
"47","国仕汇"
"48","国仕汇"
"49","国仕汇"
"50","国仕汇"
"51","国仕汇"
"52","国仕汇"
"53","国仕汇"
"54","国仕汇"
"55","国仕汇"
"56","国仕汇"
"57","国仕汇"
"58","国仕汇"
"59","国仕汇"
"60","国仕汇"
"61","国仕汇"
"62","国仕汇"
"63","国仕汇"
"64","国仕汇"
"65","国仕汇"
"66","国仕汇"
"67","国仕汇"
"68","国仕汇"
"69","国仕汇"
"70","国仕汇"
"71","国仕汇"
"72","国仕汇"
"73","国仕汇"
"74","国仕汇"
"75","国仕汇"
"76","国仕汇"
"77","国仕汇"
"78","国仕汇"
"79","国仕汇"
"80","国仕汇"
"81","国仕汇"
"82","国仕汇"
"83","国仕汇"
"84","国仕汇"
"85","国仕汇"
"86","国仕汇"
"87","国仕汇"
"88","国仕汇"
"89","国仕汇"
"90","国仕汇"
"91","国仕汇"
"92","国仕汇"
"93","国仕汇"
"94","国仕汇"
"95","国仕汇"
"96","国仕汇"
"97","国仕汇"
"98","国仕汇"
"99","国仕汇"
"100","国仕汇"
"1","金榜园"
"2","金榜园"
"3","金榜园"
"4","金榜园"
"5","金榜园"
"6","金榜园"
"7","金榜园"
"8","金榜园"
"9","金榜园"
"10","金榜园"
"11","金榜园"
"12","金榜园"
"13","金榜园"
"14","金榜园"
"15","金榜园"
"16","金榜园"
"17","金榜园"
"18","金榜园"
"19","金榜园"
"20","金榜园"
"21","金榜园"
"22","金榜园"
"23","金榜园"
"24","金榜园"
"25","金榜园"
"26","金榜园"
"27","金榜园"
"28","金榜园"
"29","金榜园"
"30","金榜园"
"31","金榜园"
"32","金榜园"
"33","金榜园"
"34","金榜园"
"35","金榜园"
"36","金榜园"
"37","金榜园"
"38","金榜园"
"39","金榜园"
"40","金榜园"
"41","金榜园"
"42","金榜园"
"43","金榜园"
"44","金榜园"
"45","金榜园"
"46","金榜园"
"47","金榜园"
"48","金榜园"
"49","金榜园"
"50","金榜园"
"51","金榜园"
"52","金榜园"
"53","金榜园"
"54","金榜园"
"55","金榜园"
"56","金榜园"
"57","金榜园"
"58","金榜园"
"59","金榜园"
"60","金榜园"
"61","金榜园"
"62","金榜园"
"63","金榜园"
"64","金榜园"
"65","金榜园"
"66","金榜园"
"67","金榜园"
"68","金榜园"
"69","金榜园"
"70","金榜园"
"71","金榜园"
"72","金榜园"
"73","金榜园"
"74","金榜园"
"75","金榜园"
"76","金榜园"
"77","金榜园"
"78","金榜园"
"79","金榜园"
"80","金榜园"
"81","金榜园"
"82","金榜园"
"83","金榜园"
"84","金榜园"
"85","金榜园"
"86","金榜园"
"87","金榜园"
"88","金榜园"
"89","金榜园"
"90","金榜园"
"91","金榜园"
"92","金榜园"
"93","金榜园"
"94","金榜园"
"95","金榜园"
"96","金榜园"
"97","金榜园"
"98","金榜园"
"99","金榜园"
"100","金榜园"
"1","南店新村"
"2","南店新村"
"3","南店新村"
"4","南店新村"
"5","南店新村"
"6","南店新村"
"7","南店新村"
"8","南店新村"
"9","南店新村"
"10","南店新村"
"11","南店新村"
"12","南店新村"
"13","南店新村"
"14","南店新村"
"15","南店新村"
"16","南店新村"
"17","南店新村"
"18","南店新村"
"19","南店新村"
"20","南店新村"
"21","南店新村"
"22","南店新村"
"23","南店新村"
"24","南店新村"
"25","南店新村"
"26","南店新村"
"27","南店新村"
"28","南店新村"
"29","南店新村"
"30","南店新村"
"31","南店新村"
"32","南店新村"
"33","南店新村"
"34","南店新村"
"35","南店新村"
"36","南店新村"
"37","南店新村"
"38","南店新村"
"39","南店新村"
"40","南店新村"
"41","南店新村"
"42","南店新村"
"43","南店新村"
"44","南店新村"
"45","南店新村"
"46","南店新村"
"47","南店新村"
"48","南店新村"
"49","南店新村"
"50","南店新村"
"51","南店新村"
"52","南店新村"
"53","南店新村"
"54","南店新村"
"55","南店新村"
"56","南店新村"
"57","南店新村"
"58","南店新村"
"59","南店新村"
"60","南店新村"
"61","南店新村"
"62","南店新村"
"63","南店新村"
"64","南店新村"
"65","南店新村"
"66","南店新村"
"67","南店新村"
"68","南店新村"
"69","南店新村"
"70","南店新村"
"71","南店新村"
"72","南店新村"
"73","南店新村"
"74","南店新村"
"75","南店新村"
"76","南店新村"
"77","南店新村"
"78","南店新村"
"79","南店新村"
"80","南店新村"
"81","南店新村"
"82","南店新村"
"83","南店新村"
"84","南店新村"
"85","南店新村"
"86","南店新村"
"87","南店新村"
"88","南店新村"
"89","南店新村"
"90","南店新村"
"91","南店新村"
"92","南店新村"
"93","南店新村"
"94","南店新村"
"95","南店新村"
"96","南店新村"
"97","南店新村"
"98","南店新村"
"99","南店新村"
"100","南店新村"
"1","新龙城1期"
"2","新龙城1期"
"3","新龙城1期"
"4","新龙城1期"
"5","新龙城1期"
"6","新龙城1期"
"7","新龙城1期"
"8","新龙城1期"
"9","新龙城1期"
"10","新龙城1期"
"11","新龙城1期"
"12","新龙城1期"
"13","新龙城1期"
"14","新龙城1期"
"15","新龙城1期"
"16","新龙城1期"
"17","新龙城1期"
"18","新龙城1期"
"19","新龙城1期"
"20","新龙城1期"
"21","新龙城1期"
"22","新龙城1期"
"23","新龙城1期"
"24","新龙城1期"
"25","新龙城1期"
"26","新龙城1期"
"27","新龙城1期"
"28","新龙城1期"
"29","新龙城1期"
"30","新龙城1期"
"31","新龙城1期"
"32","新龙城1期"
"33","新龙城1期"
"34","新龙城1期"
"35","新龙城1期"
"36","新龙城1期"
"37","新龙城1期"
"38","新龙城1期"
"39","新龙城1期"
"40","新龙城1期"
"41","新龙城1期"
"42","新龙城1期"
"43","新龙城1期"
"44","新龙城1期"
"45","新龙城1期"
"46","新龙城1期"
"47","新龙城1期"
"48","新龙城1期"
"49","新龙城1期"
"50","新龙城1期"
"51","新龙城1期"
"52","新龙城1期"
"53","新龙城1期"
"54","新龙城1期"
"55","新龙城1期"
"56","新龙城1期"
"57","新龙城1期"
"58","新龙城1期"
"59","新龙城1期"
"60","新龙城1期"
"61","新龙城1期"
"62","新龙城1期"
"63","新龙城1期"
"64","新龙城1期"
"65","新龙城1期"
"66","新龙城1期"
"67","新龙城1期"
"68","新龙城1期"
"69","新龙城1期"
"70","新龙城1期"
"71","新龙城1期"
"72","新龙城1期"
"73","新龙城1期"
"74","新龙城1期"
"75","新龙城1期"
"76","新龙城1期"
"77","新龙城1期"
"78","新龙城1期"
"79","新龙城1期"
"80","新龙城1期"
"81","新龙城1期"
"82","新龙城1期"
"83","新龙城1期"
"84","新龙城1期"
"85","新龙城1期"
"86","新龙城1期"
"87","新龙城1期"
"88","新龙城1期"
"89","新龙城1期"
"90","新龙城1期"
"91","新龙城1期"
"92","新龙城1期"
"93","新龙城1期"
"94","新龙城1期"
"95","新龙城1期"
"96","新龙城1期"
"97","新龙城1期"
"98","新龙城1期"
"99","新龙城1期"
"100","新龙城1期"
"1","回龙观村东区"
"2","回龙观村东区"
"3","回龙观村东区"
"4","回龙观村东区"
"5","回龙观村东区"
"6","回龙观村东区"
"7","回龙观村东区"
"8","回龙观村东区"
"9","回龙观村东区"
"10","回龙观村东区"
"11","回龙观村东区"
"12","回龙观村东区"
"13","回龙观村东区"
"14","回龙观村东区"
"15","回龙观村东区"
"16","回龙观村东区"
"17","回龙观村东区"
"18","回龙观村东区"
"19","回龙观村东区"
"20","回龙观村东区"
"21","回龙观村东区"
"22","回龙观村东区"
"23","回龙观村东区"
"24","回龙观村东区"
"25","回龙观村东区"
"26","回龙观村东区"
"27","回龙观村东区"
"28","回龙观村东区"
"29","回龙观村东区"
"30","回龙观村东区"
"31","回龙观村东区"
"32","回龙观村东区"
"33","回龙观村东区"
"34","回龙观村东区"
"35","回龙观村东区"
"36","回龙观村东区"
"37","回龙观村东区"
"38","回龙观村东区"
"39","回龙观村东区"
"40","回龙观村东区"
"41","回龙观村东区"
"42","回龙观村东区"
"43","回龙观村东区"
"44","回龙观村东区"
"45","回龙观村东区"
"46","回龙观村东区"
"47","回龙观村东区"
"48","回龙观村东区"
"49","回龙观村东区"
"50","回龙观村东区"
"51","回龙观村东区"
"52","回龙观村东区"
"53","回龙观村东区"
"54","回龙观村东区"
"55","回龙观村东区"
"56","回龙观村东区"
"57","回龙观村东区"
"58","回龙观村东区"
"59","回龙观村东区"
"60","回龙观村东区"
"61","回龙观村东区"
"62","回龙观村东区"
"63","回龙观村东区"
"64","回龙观村东区"
"65","回龙观村东区"
"66","回龙观村东区"
"67","回龙观村东区"
"68","回龙观村东区"
"69","回龙观村东区"
"70","回龙观村东区"
"71","回龙观村东区"
"72","回龙观村东区"
"73","回龙观村东区"
"74","回龙观村东区"
"75","回龙观村东区"
"76","回龙观村东区"
"77","回龙观村东区"
"78","回龙观村东区"
"79","回龙观村东区"
"80","回龙观村东区"
"81","回龙观村东区"
"82","回龙观村东区"
"83","回龙观村东区"
"84","回龙观村东区"
"85","回龙观村东区"
"86","回龙观村东区"
"87","回龙观村东区"
"88","回龙观村东区"
"89","回龙观村东区"
"90","回龙观村东区"
"91","回龙观村东区"
"92","回龙观村东区"
"93","回龙观村东区"
"94","回龙观村东区"
"95","回龙观村东区"
"96","回龙观村东区"
"97","回龙观村东区"
"98","回龙观村东区"
"99","回龙观村东区"
"100","回龙观村东区"
"1","蓝天嘉园"
"2","蓝天嘉园"
"3","蓝天嘉园"
"4","蓝天嘉园"
"5","蓝天嘉园"
"6","蓝天嘉园"
"7","蓝天嘉园"
"8","蓝天嘉园"
"9","蓝天嘉园"
"10","蓝天嘉园"
"11","蓝天嘉园"
"12","蓝天嘉园"
"13","蓝天嘉园"
"14","蓝天嘉园"
"15","蓝天嘉园"
"16","蓝天嘉园"
"17","蓝天嘉园"
"18","蓝天嘉园"
"19","蓝天嘉园"
"20","蓝天嘉园"
"21","蓝天嘉园"
"22","蓝天嘉园"
"23","蓝天嘉园"
"24","蓝天嘉园"
"25","蓝天嘉园"
"26","蓝天嘉园"
"27","蓝天嘉园"
"28","蓝天嘉园"
"29","蓝天嘉园"
"30","蓝天嘉园"
"31","蓝天嘉园"
"32","蓝天嘉园"
"33","蓝天嘉园"
"34","蓝天嘉园"
"35","蓝天嘉园"
"36","蓝天嘉园"
"37","蓝天嘉园"
"38","蓝天嘉园"
"39","蓝天嘉园"
"40","蓝天嘉园"
"41","蓝天嘉园"
"42","蓝天嘉园"
"43","蓝天嘉园"
"44","蓝天嘉园"
"45","蓝天嘉园"
"46","蓝天嘉园"
"47","蓝天嘉园"
"48","蓝天嘉园"
"49","蓝天嘉园"
"50","蓝天嘉园"
"51","蓝天嘉园"
"52","蓝天嘉园"
"53","蓝天嘉园"
"54","蓝天嘉园"
"55","蓝天嘉园"
"56","蓝天嘉园"
"57","蓝天嘉园"
"58","蓝天嘉园"
"59","蓝天嘉园"
"60","蓝天嘉园"
"61","蓝天嘉园"
"62","蓝天嘉园"
"63","蓝天嘉园"
"64","蓝天嘉园"
"65","蓝天嘉园"
"66","蓝天嘉园"
"67","蓝天嘉园"
"68","蓝天嘉园"
"69","蓝天嘉园"
"70","蓝天嘉园"
"71","蓝天嘉园"
"72","蓝天嘉园"
"73","蓝天嘉园"
"74","蓝天嘉园"
"75","蓝天嘉园"
"76","蓝天嘉园"
"77","蓝天嘉园"
"78","蓝天嘉园"
"79","蓝天嘉园"
"80","蓝天嘉园"
"81","蓝天嘉园"
"82","蓝天嘉园"
"83","蓝天嘉园"
"84","蓝天嘉园"
"85","蓝天嘉园"
"86","蓝天嘉园"
"87","蓝天嘉园"
"88","蓝天嘉园"
"89","蓝天嘉园"
"90","蓝天嘉园"
"91","蓝天嘉园"
"92","蓝天嘉园"
"93","蓝天嘉园"
"94","蓝天嘉园"
"95","蓝天嘉园"
"96","蓝天嘉园"
"97","蓝天嘉园"
"98","蓝天嘉园"
"99","蓝天嘉园"
"100","蓝天嘉园"
"1","北京人家"
"2","北京人家"
"3","北京人家"
"4","北京人家"
"5","北京人家"
"6","北京人家"
"7","北京人家"
"8","北京人家"
"9","北京人家"
"10","北京人家"
"11","北京人家"
"12","北京人家"
"13","北京人家"
"14","北京人家"
"15","北京人家"
"16","北京人家"
"17","北京人家"
"18","北京人家"
"19","北京人家"
"20","北京人家"
"21","北京人家"
"22","北京人家"
"23","北京人家"
"24","北京人家"
"25","北京人家"
"26","北京人家"
"27","北京人家"
"28","北京人家"
"29","北京人家"
"30","北京人家"
"31","北京人家"
"32","北京人家"
"33","北京人家"
"34","北京人家"
"35","北京人家"
"36","北京人家"
"37","北京人家"
"38","北京人家"
"39","北京人家"
"40","北京人家"
"41","北京人家"
"42","北京人家"
"43","北京人家"
"44","北京人家"
"45","北京人家"
"46","北京人家"
"47","北京人家"
"48","北京人家"
"49","北京人家"
"50","北京人家"
"51","北京人家"
"52","北京人家"
"53","北京人家"
"54","北京人家"
"55","北京人家"
"56","北京人家"
"57","北京人家"
"58","北京人家"
"59","北京人家"
"60","北京人家"
"61","北京人家"
"62","北京人家"
"63","北京人家"
"64","北京人家"
"65","北京人家"
"66","北京人家"
"67","北京人家"
"68","北京人家"
"69","北京人家"
"70","北京人家"
"71","北京人家"
"72","北京人家"
"73","北京人家"
"74","北京人家"
"75","北京人家"
"76","北京人家"
"77","北京人家"
"78","北京人家"
"79","北京人家"
"80","北京人家"
"81","北京人家"
"82","北京人家"
"83","北京人家"
"84","北京人家"
"85","北京人家"
"86","北京人家"
"87","北京人家"
"88","北京人家"
"89","北京人家"
"90","北京人家"
"91","北京人家"
"92","北京人家"
"93","北京人家"
"94","北京人家"
"95","北京人家"
"96","北京人家"
"97","北京人家"
"98","北京人家"
"99","北京人家"
"100","北京人家"
"1","龙城花园"
"2","龙城花园"
"3","龙城花园"
"4","龙城花园"
"5","龙城花园"
"6","龙城花园"
"7","龙城花园"
"8","龙城花园"
"9","龙城花园"
"10","龙城花园"
"11","龙城花园"
"12","龙城花园"
"13","龙城花园"
"14","龙城花园"
"15","龙城花园"
"16","龙城花园"
"17","龙城花园"
"18","龙城花园"
"19","龙城花园"
"20","龙城花园"
"21","龙城花园"
"22","龙城花园"
"23","龙城花园"
"24","龙城花园"
"25","龙城花园"
"26","龙城花园"
"27","龙城花园"
"28","龙城花园"
"29","龙城花园"
"30","龙城花园"
"31","龙城花园"
"32","龙城花园"
"33","龙城花园"
"34","龙城花园"
"35","龙城花园"
"36","龙城花园"
"37","龙城花园"
"38","龙城花园"
"39","龙城花园"
"40","龙城花园"
"41","龙城花园"
"42","龙城花园"
"43","龙城花园"
"44","龙城花园"
"45","龙城花园"
"46","龙城花园"
"47","龙城花园"
"48","龙城花园"
"49","龙城花园"
"50","龙城花园"
"51","龙城花园"
"52","龙城花园"
"53","龙城花园"
"54","龙城花园"
"55","龙城花园"
"56","龙城花园"
"57","龙城花园"
"58","龙城花园"
"59","龙城花园"
"60","龙城花园"
"61","龙城花园"
"62","龙城花园"
"63","龙城花园"
"64","龙城花园"
"65","龙城花园"
"66","龙城花园"
"67","龙城花园"
"68","龙城花园"
"69","龙城花园"
"70","龙城花园"
"71","龙城花园"
"72","龙城花园"
"73","龙城花园"
"74","龙城花园"
"75","龙城花园"
"76","龙城花园"
"77","龙城花园"
"78","龙城花园"
"79","龙城花园"
"80","龙城花园"
"81","龙城花园"
"82","龙城花园"
"83","龙城花园"
"84","龙城花园"
"85","龙城花园"
"86","龙城花园"
"87","龙城花园"
"88","龙城花园"
"89","龙城花园"
"90","龙城花园"
"91","龙城花园"
"92","龙城花园"
"93","龙城花园"
"94","龙城花园"
"95","龙城花园"
"96","龙城花园"
"97","龙城花园"
"98","龙城花园"
"99","龙城花园"
"100","龙城花园"
"1","首开智慧社"
"2","首开智慧社"
"3","首开智慧社"
"4","首开智慧社"
"5","首开智慧社"
"6","首开智慧社"
"7","首开智慧社"
"8","首开智慧社"
"9","首开智慧社"
"10","首开智慧社"
"11","首开智慧社"
"12","首开智慧社"
"13","首开智慧社"
"14","首开智慧社"
"15","首开智慧社"
"16","首开智慧社"
"17","首开智慧社"
"18","首开智慧社"
"19","首开智慧社"
"20","首开智慧社"
"21","首开智慧社"
"22","首开智慧社"
"23","首开智慧社"
"24","首开智慧社"
"25","首开智慧社"
"26","首开智慧社"
"27","首开智慧社"
"28","首开智慧社"
"29","首开智慧社"
"30","首开智慧社"
"31","首开智慧社"
"32","首开智慧社"
"33","首开智慧社"
"34","首开智慧社"
"35","首开智慧社"
"36","首开智慧社"
"37","首开智慧社"
"38","首开智慧社"
"39","首开智慧社"
"40","首开智慧社"
"41","首开智慧社"
"42","首开智慧社"
"43","首开智慧社"
"44","首开智慧社"
"45","首开智慧社"
"46","首开智慧社"
"47","首开智慧社"
"48","首开智慧社"
"49","首开智慧社"
"50","首开智慧社"
"51","首开智慧社"
"52","首开智慧社"
"53","首开智慧社"
"54","首开智慧社"
"55","首开智慧社"
"56","首开智慧社"
"57","首开智慧社"
"58","首开智慧社"
"59","首开智慧社"
"60","首开智慧社"
"61","首开智慧社"
"62","首开智慧社"
"63","首开智慧社"
"64","首开智慧社"
"65","首开智慧社"
"66","首开智慧社"
"67","首开智慧社"
"68","首开智慧社"
"69","首开智慧社"
"70","首开智慧社"
"71","首开智慧社"
"72","首开智慧社"
"73","首开智慧社"
"74","首开智慧社"
"75","首开智慧社"
"76","首开智慧社"
"77","首开智慧社"
"78","首开智慧社"
"79","首开智慧社"
"80","首开智慧社"
"81","首开智慧社"
"82","首开智慧社"
"83","首开智慧社"
"84","首开智慧社"
"85","首开智慧社"
"86","首开智慧社"
"87","首开智慧社"
"88","首开智慧社"
"89","首开智慧社"
"90","首开智慧社"
"91","首开智慧社"
"92","首开智慧社"
"93","首开智慧社"
"94","首开智慧社"
"95","首开智慧社"
"96","首开智慧社"
"97","首开智慧社"
"98","首开智慧社"
"99","首开智慧社"
"100","首开智慧社"
"1","云趣园3区"
"2","云趣园3区"
"3","云趣园3区"
"4","云趣园3区"
"5","云趣园3区"
"6","云趣园3区"
"7","云趣园3区"
"8","云趣园3区"
"9","云趣园3区"
"10","云趣园3区"
"11","云趣园3区"
"12","云趣园3区"
"13","云趣园3区"
"14","云趣园3区"
"15","云趣园3区"
"16","云趣园3区"
"17","云趣园3区"
"18","云趣园3区"
"19","云趣园3区"
"20","云趣园3区"
"21","云趣园3区"
"22","云趣园3区"
"23","云趣园3区"
"24","云趣园3区"
"25","云趣园3区"
"26","云趣园3区"
"27","云趣园3区"
"28","云趣园3区"
"29","云趣园3区"
"30","云趣园3区"
"31","云趣园3区"
"32","云趣园3区"
"33","云趣园3区"
"34","云趣园3区"
"35","云趣园3区"
"36","云趣园3区"
"37","云趣园3区"
"38","云趣园3区"
"39","云趣园3区"
"40","云趣园3区"
"41","云趣园3区"
"42","云趣园3区"
"43","云趣园3区"
"44","云趣园3区"
"45","云趣园3区"
"46","云趣园3区"
"47","云趣园3区"
"48","云趣园3区"
"49","云趣园3区"
"50","云趣园3区"
"51","云趣园3区"
"52","云趣园3区"
"53","云趣园3区"
"54","云趣园3区"
"55","云趣园3区"
"56","云趣园3区"
"57","云趣园3区"
"58","云趣园3区"
"59","云趣园3区"
"60","云趣园3区"
"61","云趣园3区"
"62","云趣园3区"
"63","云趣园3区"
"64","云趣园3区"
"65","云趣园3区"
"66","云趣园3区"
"67","云趣园3区"
"68","云趣园3区"
"69","云趣园3区"
"70","云趣园3区"
"71","云趣园3区"
"72","云趣园3区"
"73","云趣园3区"
"74","云趣园3区"
"75","云趣园3区"
"76","云趣园3区"
"77","云趣园3区"
"78","云趣园3区"
"79","云趣园3区"
"80","云趣园3区"
"81","云趣园3区"
"82","云趣园3区"
"83","云趣园3区"
"84","云趣园3区"
"85","云趣园3区"
"86","云趣园3区"
"87","云趣园3区"
"88","云趣园3区"
"89","云趣园3区"
"90","云趣园3区"
"91","云趣园3区"
"92","云趣园3区"
"93","云趣园3区"
"94","云趣园3区"
"95","云趣园3区"
"96","云趣园3区"
"97","云趣园3区"
"98","云趣园3区"
"99","云趣园3区"
"100","云趣园3区"
"1","云趣园1区"
"2","云趣园1区"
"3","云趣园1区"
"4","云趣园1区"
"5","云趣园1区"
"6","云趣园1区"
"7","云趣园1区"
"8","云趣园1区"
"9","云趣园1区"
"10","云趣园1区"
"11","云趣园1区"
"12","云趣园1区"
"13","云趣园1区"
"14","云趣园1区"
"15","云趣园1区"
"16","云趣园1区"
"17","云趣园1区"
"18","云趣园1区"
"19","云趣园1区"
"20","云趣园1区"
"21","云趣园1区"
"22","云趣园1区"
"23","云趣园1区"
"24","云趣园1区"
"25","云趣园1区"
"26","云趣园1区"
"27","云趣园1区"
"28","云趣园1区"
"29","云趣园1区"
"30","云趣园1区"
"31","云趣园1区"
"32","云趣园1区"
"33","云趣园1区"
"34","云趣园1区"
"35","云趣园1区"
"36","云趣园1区"
"37","云趣园1区"
"38","云趣园1区"
"39","云趣园1区"
"40","云趣园1区"
"41","云趣园1区"
"42","云趣园1区"
"43","云趣园1区"
"44","云趣园1区"
"45","云趣园1区"
"46","云趣园1区"
"47","云趣园1区"
"48","云趣园1区"
"49","云趣园1区"
"50","云趣园1区"
"51","云趣园1区"
"52","云趣园1区"
"53","云趣园1区"
"54","云趣园1区"
"55","云趣园1区"
"56","云趣园1区"
"57","云趣园1区"
"58","云趣园1区"
"59","云趣园1区"
"60","云趣园1区"
"61","云趣园1区"
"62","云趣园1区"
"63","云趣园1区"
"64","云趣园1区"
"65","云趣园1区"
"66","云趣园1区"
"67","云趣园1区"
"68","云趣园1区"
"69","云趣园1区"
"70","云趣园1区"
"71","云趣园1区"
"72","云趣园1区"
"73","云趣园1区"
"74","云趣园1区"
"75","云趣园1区"
"76","云趣园1区"
"77","云趣园1区"
"78","云趣园1区"
"79","云趣园1区"
"80","云趣园1区"
"81","云趣园1区"
"82","云趣园1区"
"83","云趣园1区"
"84","云趣园1区"
"85","云趣园1区"
"86","云趣园1区"
"87","云趣园1区"
"88","云趣园1区"
"89","云趣园1区"
"90","云趣园1区"
"91","云趣园1区"
"92","云趣园1区"
"93","云趣园1区"
"94","云趣园1区"
"95","云趣园1区"
"96","云趣园1区"
"97","云趣园1区"
"98","云趣园1区"
"99","云趣园1区"
"100","云趣园1区"
"1","霍营小区"
"2","霍营小区"
"3","霍营小区"
"4","霍营小区"
"5","霍营小区"
"6","霍营小区"
"7","霍营小区"
"8","霍营小区"
"9","霍营小区"
"10","霍营小区"
"11","霍营小区"
"12","霍营小区"
"13","霍营小区"
"14","霍营小区"
"15","霍营小区"
"16","霍营小区"
"17","霍营小区"
"18","霍营小区"
"19","霍营小区"
"20","霍营小区"
"21","霍营小区"
"22","霍营小区"
"23","霍营小区"
"24","霍营小区"
"25","霍营小区"
"26","霍营小区"
"27","霍营小区"
"28","霍营小区"
"29","霍营小区"
"30","霍营小区"
"31","霍营小区"
"32","霍营小区"
"33","霍营小区"
"34","霍营小区"
"35","霍营小区"
"36","霍营小区"
"37","霍营小区"
"38","霍营小区"
"39","霍营小区"
"40","霍营小区"
"41","霍营小区"
"42","霍营小区"
"43","霍营小区"
"44","霍营小区"
"45","霍营小区"
"46","霍营小区"
"47","霍营小区"
"48","霍营小区"
"49","霍营小区"
"50","霍营小区"
"51","霍营小区"
"52","霍营小区"
"53","霍营小区"
"54","霍营小区"
"55","霍营小区"
"56","霍营小区"
"57","霍营小区"
"58","霍营小区"
"59","霍营小区"
"60","霍营小区"
"61","霍营小区"
"62","霍营小区"
"63","霍营小区"
"64","霍营小区"
"65","霍营小区"
"66","霍营小区"
"67","霍营小区"
"68","霍营小区"
"69","霍营小区"
"70","霍营小区"
"71","霍营小区"
"72","霍营小区"
"73","霍营小区"
"74","霍营小区"
"75","霍营小区"
"76","霍营小区"
"77","霍营小区"
"78","霍营小区"
"79","霍营小区"
"80","霍营小区"
"81","霍营小区"
"82","霍营小区"
"83","霍营小区"
"84","霍营小区"
"85","霍营小区"
"86","霍营小区"
"87","霍营小区"
"88","霍营小区"
"89","霍营小区"
"90","霍营小区"
"91","霍营小区"
"92","霍营小区"
"93","霍营小区"
"94","霍营小区"
"95","霍营小区"
"96","霍营小区"
"97","霍营小区"
"98","霍营小区"
"99","霍营小区"
"100","霍营小区"
"1","紫金新干线家园1区"
"2","紫金新干线家园1区"
"3","紫金新干线家园1区"
"4","紫金新干线家园1区"
"5","紫金新干线家园1区"
"6","紫金新干线家园1区"
"7","紫金新干线家园1区"
"8","紫金新干线家园1区"
"9","紫金新干线家园1区"
"10","紫金新干线家园1区"
"11","紫金新干线家园1区"
"12","紫金新干线家园1区"
"13","紫金新干线家园1区"
"14","紫金新干线家园1区"
"15","紫金新干线家园1区"
"16","紫金新干线家园1区"
"17","紫金新干线家园1区"
"18","紫金新干线家园1区"
"19","紫金新干线家园1区"
"20","紫金新干线家园1区"
"21","紫金新干线家园1区"
"22","紫金新干线家园1区"
"23","紫金新干线家园1区"
"24","紫金新干线家园1区"
"25","紫金新干线家园1区"
"26","紫金新干线家园1区"
"27","紫金新干线家园1区"
"28","紫金新干线家园1区"
"29","紫金新干线家园1区"
"30","紫金新干线家园1区"
"31","紫金新干线家园1区"
"32","紫金新干线家园1区"
"33","紫金新干线家园1区"
"34","紫金新干线家园1区"
"35","紫金新干线家园1区"
"36","紫金新干线家园1区"
"37","紫金新干线家园1区"
"38","紫金新干线家园1区"
"39","紫金新干线家园1区"
"40","紫金新干线家园1区"
"41","紫金新干线家园1区"
"42","紫金新干线家园1区"
"43","紫金新干线家园1区"
"44","紫金新干线家园1区"
"45","紫金新干线家园1区"
"46","紫金新干线家园1区"
"47","紫金新干线家园1区"
"48","紫金新干线家园1区"
"49","紫金新干线家园1区"
"50","紫金新干线家园1区"
"51","紫金新干线家园1区"
"52","紫金新干线家园1区"
"53","紫金新干线家园1区"
"54","紫金新干线家园1区"
"55","紫金新干线家园1区"
"56","紫金新干线家园1区"
"57","紫金新干线家园1区"
"58","紫金新干线家园1区"
"59","紫金新干线家园1区"
"60","紫金新干线家园1区"
"61","紫金新干线家园1区"
"62","紫金新干线家园1区"
"63","紫金新干线家园1区"
"64","紫金新干线家园1区"
"65","紫金新干线家园1区"
"66","紫金新干线家园1区"
"67","紫金新干线家园1区"
"68","紫金新干线家园1区"
"69","紫金新干线家园1区"
"70","紫金新干线家园1区"
"71","紫金新干线家园1区"
"72","紫金新干线家园1区"
"73","紫金新干线家园1区"
"74","紫金新干线家园1区"
"75","紫金新干线家园1区"
"76","紫金新干线家园1区"
"77","紫金新干线家园1区"
"78","紫金新干线家园1区"
"79","紫金新干线家园1区"
"80","紫金新干线家园1区"
"81","紫金新干线家园1区"
"82","紫金新干线家园1区"
"83","紫金新干线家园1区"
"84","紫金新干线家园1区"
"85","紫金新干线家园1区"
"86","紫金新干线家园1区"
"87","紫金新干线家园1区"
"88","紫金新干线家园1区"
"89","紫金新干线家园1区"
"90","紫金新干线家园1区"
"91","紫金新干线家园1区"
"92","紫金新干线家园1区"
"93","紫金新干线家园1区"
"94","紫金新干线家园1区"
"95","紫金新干线家园1区"
"96","紫金新干线家园1区"
"97","紫金新干线家园1区"
"98","紫金新干线家园1区"
"99","紫金新干线家园1区"
"100","紫金新干线家园1区"
"1","融泽嘉园一区"
"2","融泽嘉园一区"
"3","融泽嘉园一区"
"4","融泽嘉园一区"
"5","融泽嘉园一区"
"6","融泽嘉园一区"
"7","融泽嘉园一区"
"8","融泽嘉园一区"
"9","融泽嘉园一区"
"10","融泽嘉园一区"
"11","融泽嘉园一区"
"12","融泽嘉园一区"
"13","融泽嘉园一区"
"14","融泽嘉园一区"
"15","融泽嘉园一区"
"16","融泽嘉园一区"
"17","融泽嘉园一区"
"18","融泽嘉园一区"
"19","融泽嘉园一区"
"20","融泽嘉园一区"
"21","融泽嘉园一区"
"22","融泽嘉园一区"
"23","融泽嘉园一区"
"24","融泽嘉园一区"
"25","融泽嘉园一区"
"26","融泽嘉园一区"
"27","融泽嘉园一区"
"28","融泽嘉园一区"
"29","融泽嘉园一区"
"30","融泽嘉园一区"
"31","融泽嘉园一区"
"32","融泽嘉园一区"
"33","融泽嘉园一区"
"34","融泽嘉园一区"
"35","融泽嘉园一区"
"36","融泽嘉园一区"
"37","融泽嘉园一区"
"38","融泽嘉园一区"
"39","融泽嘉园一区"
"40","融泽嘉园一区"
"41","融泽嘉园一区"
"42","融泽嘉园一区"
"43","融泽嘉园一区"
"44","融泽嘉园一区"
"45","融泽嘉园一区"
"46","融泽嘉园一区"
"47","融泽嘉园一区"
"48","融泽嘉园一区"
"49","融泽嘉园一区"
"50","融泽嘉园一区"
"51","融泽嘉园一区"
"52","融泽嘉园一区"
"53","融泽嘉园一区"
"54","融泽嘉园一区"
"55","融泽嘉园一区"
"56","融泽嘉园一区"
"57","融泽嘉园一区"
"58","融泽嘉园一区"
"59","融泽嘉园一区"
"60","融泽嘉园一区"
"61","融泽嘉园一区"
"62","融泽嘉园一区"
"63","融泽嘉园一区"
"64","融泽嘉园一区"
"65","融泽嘉园一区"
"66","融泽嘉园一区"
"67","融泽嘉园一区"
"68","融泽嘉园一区"
"69","融泽嘉园一区"
"70","融泽嘉园一区"
"71","融泽嘉园一区"
"72","融泽嘉园一区"
"73","融泽嘉园一区"
"74","融泽嘉园一区"
"75","融泽嘉园一区"
"76","融泽嘉园一区"
"77","融泽嘉园一区"
"78","融泽嘉园一区"
"79","融泽嘉园一区"
"80","融泽嘉园一区"
"81","融泽嘉园一区"
"82","融泽嘉园一区"
"83","融泽嘉园一区"
"84","融泽嘉园一区"
"85","融泽嘉园一区"
"86","融泽嘉园一区"
"87","融泽嘉园一区"
"88","融泽嘉园一区"
"89","融泽嘉园一区"
"90","融泽嘉园一区"
"91","融泽嘉园一区"
"92","融泽嘉园一区"
"93","融泽嘉园一区"
"94","融泽嘉园一区"
"95","融泽嘉园一区"
"96","融泽嘉园一区"
"97","融泽嘉园一区"
"98","融泽嘉园一区"
"99","融泽嘉园一区"
"100","融泽嘉园一区"
"1","融泽嘉园二区"
"2","融泽嘉园二区"
"3","融泽嘉园二区"
"4","融泽嘉园二区"
"5","融泽嘉园二区"
"6","融泽嘉园二区"
"7","融泽嘉园二区"
"8","融泽嘉园二区"
"9","融泽嘉园二区"
"10","融泽嘉园二区"
"11","融泽嘉园二区"
"12","融泽嘉园二区"
"13","融泽嘉园二区"
"14","融泽嘉园二区"
"15","融泽嘉园二区"
"16","融泽嘉园二区"
"17","融泽嘉园二区"
"18","融泽嘉园二区"
"19","融泽嘉园二区"
"20","融泽嘉园二区"
"21","融泽嘉园二区"
"22","融泽嘉园二区"
"23","融泽嘉园二区"
"24","融泽嘉园二区"
"25","融泽嘉园二区"
"26","融泽嘉园二区"
"27","融泽嘉园二区"
"28","融泽嘉园二区"
"29","融泽嘉园二区"
"30","融泽嘉园二区"
"31","融泽嘉园二区"
"32","融泽嘉园二区"
"33","融泽嘉园二区"
"34","融泽嘉园二区"
"35","融泽嘉园二区"
"36","融泽嘉园二区"
"37","融泽嘉园二区"
"38","融泽嘉园二区"
"39","融泽嘉园二区"
"40","融泽嘉园二区"
"41","融泽嘉园二区"
"42","融泽嘉园二区"
"43","融泽嘉园二区"
"44","融泽嘉园二区"
"45","融泽嘉园二区"
"46","融泽嘉园二区"
"47","融泽嘉园二区"
"48","融泽嘉园二区"
"49","融泽嘉园二区"
"50","融泽嘉园二区"
"51","融泽嘉园二区"
"52","融泽嘉园二区"
"53","融泽嘉园二区"
"54","融泽嘉园二区"
"55","融泽嘉园二区"
"56","融泽嘉园二区"
"57","融泽嘉园二区"
"58","融泽嘉园二区"
"59","融泽嘉园二区"
"60","融泽嘉园二区"
"61","融泽嘉园二区"
"62","融泽嘉园二区"
"63","融泽嘉园二区"
"64","融泽嘉园二区"
"65","融泽嘉园二区"
"66","融泽嘉园二区"
"67","融泽嘉园二区"
"68","融泽嘉园二区"
"69","融泽嘉园二区"
"70","融泽嘉园二区"
"71","融泽嘉园二区"
"72","融泽嘉园二区"
"73","融泽嘉园二区"
"74","融泽嘉园二区"
"75","融泽嘉园二区"
"76","融泽嘉园二区"
"77","融泽嘉园二区"
"78","融泽嘉园二区"
"79","融泽嘉园二区"
"80","融泽嘉园二区"
"81","融泽嘉园二区"
"82","融泽嘉园二区"
"83","融泽嘉园二区"
"84","融泽嘉园二区"
"85","融泽嘉园二区"
"86","融泽嘉园二区"
"87","融泽嘉园二区"
"88","融泽嘉园二区"
"89","融泽嘉园二区"
"90","融泽嘉园二区"
"91","融泽嘉园二区"
"92","融泽嘉园二区"
"93","融泽嘉园二区"
"94","融泽嘉园二区"
"95","融泽嘉园二区"
"96","融泽嘉园二区"
"97","融泽嘉园二区"
"98","融泽嘉园二区"
"99","融泽嘉园二区"
"100","融泽嘉园二区"
"1","东亚上北"
"2","东亚上北"
"3","东亚上北"
"4","东亚上北"
"5","东亚上北"
"6","东亚上北"
"7","东亚上北"
"8","东亚上北"
"9","东亚上北"
"10","东亚上北"
"11","东亚上北"
"12","东亚上北"
"13","东亚上北"
"14","东亚上北"
"15","东亚上北"
"16","东亚上北"
"17","东亚上北"
"18","东亚上北"
"19","东亚上北"
"20","东亚上北"
"21","东亚上北"
"22","东亚上北"
"23","东亚上北"
"24","东亚上北"
"25","东亚上北"
"26","东亚上北"
"27","东亚上北"
"28","东亚上北"
"29","东亚上北"
"30","东亚上北"
"31","东亚上北"
"32","东亚上北"
"33","东亚上北"
"34","东亚上北"
"35","东亚上北"
"36","东亚上北"
"37","东亚上北"
"38","东亚上北"
"39","东亚上北"
"40","东亚上北"
"41","东亚上北"
"42","东亚上北"
"43","东亚上北"
"44","东亚上北"
"45","东亚上北"
"46","东亚上北"
"47","东亚上北"
"48","东亚上北"
"49","东亚上北"
"50","东亚上北"
"51","东亚上北"
"52","东亚上北"
"53","东亚上北"
"54","东亚上北"
"55","东亚上北"
"56","东亚上北"
"57","东亚上北"
"58","东亚上北"
"59","东亚上北"
"60","东亚上北"
"61","东亚上北"
"62","东亚上北"
"63","东亚上北"
"64","东亚上北"
"65","东亚上北"
"66","东亚上北"
"67","东亚上北"
"68","东亚上北"
"69","东亚上北"
"70","东亚上北"
"71","东亚上北"
"72","东亚上北"
"73","东亚上北"
"74","东亚上北"
"75","东亚上北"
"76","东亚上北"
"77","东亚上北"
"78","东亚上北"
"79","东亚上北"
"80","东亚上北"
"81","东亚上北"
"82","东亚上北"
"83","东亚上北"
"84","东亚上北"
"85","东亚上北"
"86","东亚上北"
"87","东亚上北"
"88","东亚上北"
"89","东亚上北"
"90","东亚上北"
"91","东亚上北"
"92","东亚上北"
"93","东亚上北"
"94","东亚上北"
"95","东亚上北"
"96","东亚上北"
"97","东亚上北"
"98","东亚上北"
"99","东亚上北"
"100","东亚上北"
"1","三合庄园"
"2","三合庄园"
"3","三合庄园"
"4","三合庄园"
"5","三合庄园"
"6","三合庄园"
"7","三合庄园"
"8","三合庄园"
"9","三合庄园"
"10","三合庄园"
"11","三合庄园"
"12","三合庄园"
"13","三合庄园"
"14","三合庄园"
"15","三合庄园"
"16","三合庄园"
"17","三合庄园"
"18","三合庄园"
"19","三合庄园"
"20","三合庄园"
"21","三合庄园"
"22","三合庄园"
"23","三合庄园"
"24","三合庄园"
"25","三合庄园"
"26","三合庄园"
"27","三合庄园"
"28","三合庄园"
"29","三合庄园"
"30","三合庄园"
"31","三合庄园"
"32","三合庄园"
"33","三合庄园"
"34","三合庄园"
"35","三合庄园"
"36","三合庄园"
"37","三合庄园"
"38","三合庄园"
"39","三合庄园"
"40","三合庄园"
"41","三合庄园"
"42","三合庄园"
"43","三合庄园"
"44","三合庄园"
"45","三合庄园"
"46","三合庄园"
"47","三合庄园"
"48","三合庄园"
"49","三合庄园"
"50","三合庄园"
"51","三合庄园"
"52","三合庄园"
"53","三合庄园"
"54","三合庄园"
"55","三合庄园"
"56","三合庄园"
"57","三合庄园"
"58","三合庄园"
"59","三合庄园"
"60","三合庄园"
"61","三合庄园"
"62","三合庄园"
"63","三合庄园"
"64","三合庄园"
"65","三合庄园"
"66","三合庄园"
"67","三合庄园"
"68","三合庄园"
"69","三合庄园"
"70","三合庄园"
"71","三合庄园"
"72","三合庄园"
"73","三合庄园"
"74","三合庄园"
"75","三合庄园"
"76","三合庄园"
"77","三合庄园"
"78","三合庄园"
"79","三合庄园"
"80","三合庄园"
"81","三合庄园"
"82","三合庄园"
"83","三合庄园"
"84","三合庄园"
"85","三合庄园"
"86","三合庄园"
"87","三合庄园"
"88","三合庄园"
"89","三合庄园"
"90","三合庄园"
"91","三合庄园"
"92","三合庄园"
"93","三合庄园"
"94","三合庄园"
"95","三合庄园"
"96","三合庄园"
"97","三合庄园"
"98","三合庄园"
"99","三合庄园"
"100","三合庄园"
"1","天通东苑二区"
"2","天通东苑二区"
"3","天通东苑二区"
"4","天通东苑二区"
"5","天通东苑二区"
"6","天通东苑二区"
"7","天通东苑二区"
"8","天通东苑二区"
"9","天通东苑二区"
"10","天通东苑二区"
"11","天通东苑二区"
"12","天通东苑二区"
"13","天通东苑二区"
"14","天通东苑二区"
"15","天通东苑二区"
"16","天通东苑二区"
"17","天通东苑二区"
"18","天通东苑二区"
"19","天通东苑二区"
"20","天通东苑二区"
"21","天通东苑二区"
"22","天通东苑二区"
"23","天通东苑二区"
"24","天通东苑二区"
"25","天通东苑二区"
"26","天通东苑二区"
"27","天通东苑二区"
"28","天通东苑二区"
"29","天通东苑二区"
"30","天通东苑二区"
"31","天通东苑二区"
"32","天通东苑二区"
"33","天通东苑二区"
"34","天通东苑二区"
"35","天通东苑二区"
"36","天通东苑二区"
"37","天通东苑二区"
"38","天通东苑二区"
"39","天通东苑二区"
"40","天通东苑二区"
"41","天通东苑二区"
"42","天通东苑二区"
"43","天通东苑二区"
"44","天通东苑二区"
"45","天通东苑二区"
"46","天通东苑二区"
"47","天通东苑二区"
"48","天通东苑二区"
"49","天通东苑二区"
"50","天通东苑二区"
"51","天通东苑二区"
"52","天通东苑二区"
"53","天通东苑二区"
"54","天通东苑二区"
"55","天通东苑二区"
"56","天通东苑二区"
"57","天通东苑二区"
"58","天通东苑二区"
"59","天通东苑二区"
"60","天通东苑二区"
"61","天通东苑二区"
"62","天通东苑二区"
"63","天通东苑二区"
"64","天通东苑二区"
"65","天通东苑二区"
"66","天通东苑二区"
"67","天通东苑二区"
"68","天通东苑二区"
"69","天通东苑二区"
"70","天通东苑二区"
"71","天通东苑二区"
"72","天通东苑二区"
"73","天通东苑二区"
"74","天通东苑二区"
"75","天通东苑二区"
"76","天通东苑二区"
"77","天通东苑二区"
"78","天通东苑二区"
"79","天通东苑二区"
"80","天通东苑二区"
"81","天通东苑二区"
"82","天通东苑二区"
"83","天通东苑二区"
"84","天通东苑二区"
"85","天通东苑二区"
"86","天通东苑二区"
"87","天通东苑二区"
"88","天通东苑二区"
"89","天通东苑二区"
"90","天通东苑二区"
"91","天通东苑二区"
"92","天通东苑二区"
"93","天通东苑二区"
"94","天通东苑二区"
"95","天通东苑二区"
"96","天通东苑二区"
"97","天通东苑二区"
"98","天通东苑二区"
"99","天通东苑二区"
"100","天通东苑二区"
"1","天通东苑三区"
"2","天通东苑三区"
"3","天通东苑三区"
"4","天通东苑三区"
"5","天通东苑三区"
"6","天通东苑三区"
"7","天通东苑三区"
"8","天通东苑三区"
"9","天通东苑三区"
"10","天通东苑三区"
"11","天通东苑三区"
"12","天通东苑三区"
"13","天通东苑三区"
"14","天通东苑三区"
"15","天通东苑三区"
"16","天通东苑三区"
"17","天通东苑三区"
"18","天通东苑三区"
"19","天通东苑三区"
"20","天通东苑三区"
"21","天通东苑三区"
"22","天通东苑三区"
"23","天通东苑三区"
"24","天通东苑三区"
"25","天通东苑三区"
"26","天通东苑三区"
"27","天通东苑三区"
"28","天通东苑三区"
"29","天通东苑三区"
"30","天通东苑三区"
"31","天通东苑三区"
"32","天通东苑三区"
"33","天通东苑三区"
"34","天通东苑三区"
"35","天通东苑三区"
"36","天通东苑三区"
"37","天通东苑三区"
"38","天通东苑三区"
"39","天通东苑三区"
"40","天通东苑三区"
"41","天通东苑三区"
"42","天通东苑三区"
"43","天通东苑三区"
"44","天通东苑三区"
"45","天通东苑三区"
"46","天通东苑三区"
"47","天通东苑三区"
"48","天通东苑三区"
"49","天通东苑三区"
"50","天通东苑三区"
"51","天通东苑三区"
"52","天通东苑三区"
"53","天通东苑三区"
"54","天通东苑三区"
"55","天通东苑三区"
"56","天通东苑三区"
"57","天通东苑三区"
"58","天通东苑三区"
"59","天通东苑三区"
"60","天通东苑三区"
"61","天通东苑三区"
"62","天通东苑三区"
"63","天通东苑三区"
"64","天通东苑三区"
"65","天通东苑三区"
"66","天通东苑三区"
"67","天通东苑三区"
"68","天通东苑三区"
"69","天通东苑三区"
"70","天通东苑三区"
"71","天通东苑三区"
"72","天通东苑三区"
"73","天通东苑三区"
"74","天通东苑三区"
"75","天通东苑三区"
"76","天通东苑三区"
"77","天通东苑三区"
"78","天通东苑三区"
"79","天通东苑三区"
"80","天通东苑三区"
"81","天通东苑三区"
"82","天通东苑三区"
"83","天通东苑三区"
"84","天通东苑三区"
"85","天通东苑三区"
"86","天通东苑三区"
"87","天通东苑三区"
"88","天通东苑三区"
"89","天通东苑三区"
"90","天通东苑三区"
"91","天通东苑三区"
"92","天通东苑三区"
"93","天通东苑三区"
"94","天通东苑三区"
"95","天通东苑三区"
"96","天通东苑三区"
"97","天通东苑三区"
"98","天通东苑三区"
"99","天通东苑三区"
"100","天通东苑三区"
"1","天通北苑2区"
"2","天通北苑2区"
"3","天通北苑2区"
"4","天通北苑2区"
"5","天通北苑2区"
"6","天通北苑2区"
"7","天通北苑2区"
"8","天通北苑2区"
"9","天通北苑2区"
"10","天通北苑2区"
"11","天通北苑2区"
"12","天通北苑2区"
"13","天通北苑2区"
"14","天通北苑2区"
"15","天通北苑2区"
"16","天通北苑2区"
"17","天通北苑2区"
"18","天通北苑2区"
"19","天通北苑2区"
"20","天通北苑2区"
"21","天通北苑2区"
"22","天通北苑2区"
"23","天通北苑2区"
"24","天通北苑2区"
"25","天通北苑2区"
"26","天通北苑2区"
"27","天通北苑2区"
"28","天通北苑2区"
"29","天通北苑2区"
"30","天通北苑2区"
"31","天通北苑2区"
"32","天通北苑2区"
"33","天通北苑2区"
"34","天通北苑2区"
"35","天通北苑2区"
"36","天通北苑2区"
"37","天通北苑2区"
"38","天通北苑2区"
"39","天通北苑2区"
"40","天通北苑2区"
"41","天通北苑2区"
"42","天通北苑2区"
"43","天通北苑2区"
"44","天通北苑2区"
"45","天通北苑2区"
"46","天通北苑2区"
"47","天通北苑2区"
"48","天通北苑2区"
"49","天通北苑2区"
"50","天通北苑2区"
"51","天通北苑2区"
"52","天通北苑2区"
"53","天通北苑2区"
"54","天通北苑2区"
"55","天通北苑2区"
"56","天通北苑2区"
"57","天通北苑2区"
"58","天通北苑2区"
"59","天通北苑2区"
"60","天通北苑2区"
"61","天通北苑2区"
"62","天通北苑2区"
"63","天通北苑2区"
"64","天通北苑2区"
"65","天通北苑2区"
"66","天通北苑2区"
"67","天通北苑2区"
"68","天通北苑2区"
"69","天通北苑2区"
"70","天通北苑2区"
"71","天通北苑2区"
"72","天通北苑2区"
"73","天通北苑2区"
"74","天通北苑2区"
"75","天通北苑2区"
"76","天通北苑2区"
"77","天通北苑2区"
"78","天通北苑2区"
"79","天通北苑2区"
"80","天通北苑2区"
"81","天通北苑2区"
"82","天通北苑2区"
"83","天通北苑2区"
"84","天通北苑2区"
"85","天通北苑2区"
"86","天通北苑2区"
"87","天通北苑2区"
"88","天通北苑2区"
"89","天通北苑2区"
"90","天通北苑2区"
"91","天通北苑2区"
"92","天通北苑2区"
"93","天通北苑2区"
"94","天通北苑2区"
"95","天通北苑2区"
"96","天通北苑2区"
"97","天通北苑2区"
"98","天通北苑2区"
"99","天通北苑2区"
"100","天通北苑2区"
"1","天通中苑西区"
"2","天通中苑西区"
"3","天通中苑西区"
"4","天通中苑西区"
"5","天通中苑西区"
"6","天通中苑西区"
"7","天通中苑西区"
"8","天通中苑西区"
"9","天通中苑西区"
"10","天通中苑西区"
"11","天通中苑西区"
"12","天通中苑西区"
"13","天通中苑西区"
"14","天通中苑西区"
"15","天通中苑西区"
"16","天通中苑西区"
"17","天通中苑西区"
"18","天通中苑西区"
"19","天通中苑西区"
"20","天通中苑西区"
"21","天通中苑西区"
"22","天通中苑西区"
"23","天通中苑西区"
"24","天通中苑西区"
"25","天通中苑西区"
"26","天通中苑西区"
"27","天通中苑西区"
"28","天通中苑西区"
"29","天通中苑西区"
"30","天通中苑西区"
"31","天通中苑西区"
"32","天通中苑西区"
"33","天通中苑西区"
"34","天通中苑西区"
"35","天通中苑西区"
"36","天通中苑西区"
"37","天通中苑西区"
"38","天通中苑西区"
"39","天通中苑西区"
"40","天通中苑西区"
"41","天通中苑西区"
"42","天通中苑西区"
"43","天通中苑西区"
"44","天通中苑西区"
"45","天通中苑西区"
"46","天通中苑西区"
"47","天通中苑西区"
"48","天通中苑西区"
"49","天通中苑西区"
"50","天通中苑西区"
"51","天通中苑西区"
"52","天通中苑西区"
"53","天通中苑西区"
"54","天通中苑西区"
"55","天通中苑西区"
"56","天通中苑西区"
"57","天通中苑西区"
"58","天通中苑西区"
"59","天通中苑西区"
"60","天通中苑西区"
"61","天通中苑西区"
"62","天通中苑西区"
"63","天通中苑西区"
"64","天通中苑西区"
"65","天通中苑西区"
"66","天通中苑西区"
"67","天通中苑西区"
"68","天通中苑西区"
"69","天通中苑西区"
"70","天通中苑西区"
"71","天通中苑西区"
"72","天通中苑西区"
"73","天通中苑西区"
"74","天通中苑西区"
"75","天通中苑西区"
"76","天通中苑西区"
"77","天通中苑西区"
"78","天通中苑西区"
"79","天通中苑西区"
"80","天通中苑西区"
"81","天通中苑西区"
"82","天通中苑西区"
"83","天通中苑西区"
"84","天通中苑西区"
"85","天通中苑西区"
"86","天通中苑西区"
"87","天通中苑西区"
"88","天通中苑西区"
"89","天通中苑西区"
"90","天通中苑西区"
"91","天通中苑西区"
"92","天通中苑西区"
"93","天通中苑西区"
"94","天通中苑西区"
"95","天通中苑西区"
"96","天通中苑西区"
"97","天通中苑西区"
"98","天通中苑西区"
"99","天通中苑西区"
"100","天通中苑西区"
"1","天通西苑3区"
"2","天通西苑3区"
"3","天通西苑3区"
"4","天通西苑3区"
"5","天通西苑3区"
"6","天通西苑3区"
"7","天通西苑3区"
"8","天通西苑3区"
"9","天通西苑3区"
"10","天通西苑3区"
"11","天通西苑3区"
"12","天通西苑3区"
"13","天通西苑3区"
"14","天通西苑3区"
"15","天通西苑3区"
"16","天通西苑3区"
"17","天通西苑3区"
"18","天通西苑3区"
"19","天通西苑3区"
"20","天通西苑3区"
"21","天通西苑3区"
"22","天通西苑3区"
"23","天通西苑3区"
"24","天通西苑3区"
"25","天通西苑3区"
"26","天通西苑3区"
"27","天通西苑3区"
"28","天通西苑3区"
"29","天通西苑3区"
"30","天通西苑3区"
"31","天通西苑3区"
"32","天通西苑3区"
"33","天通西苑3区"
"34","天通西苑3区"
"35","天通西苑3区"
"36","天通西苑3区"
"37","天通西苑3区"
"38","天通西苑3区"
"39","天通西苑3区"
"40","天通西苑3区"
"41","天通西苑3区"
"42","天通西苑3区"
"43","天通西苑3区"
"44","天通西苑3区"
"45","天通西苑3区"
"46","天通西苑3区"
"47","天通西苑3区"
"48","天通西苑3区"
"49","天通西苑3区"
"50","天通西苑3区"
"51","天通西苑3区"
"52","天通西苑3区"
"53","天通西苑3区"
"54","天通西苑3区"
"55","天通西苑3区"
"56","天通西苑3区"
"57","天通西苑3区"
"58","天通西苑3区"
"59","天通西苑3区"
"60","天通西苑3区"
"61","天通西苑3区"
"62","天通西苑3区"
"63","天通西苑3区"
"64","天通西苑3区"
"65","天通西苑3区"
"66","天通西苑3区"
"67","天通西苑3区"
"68","天通西苑3区"
"69","天通西苑3区"
"70","天通西苑3区"
"71","天通西苑3区"
"72","天通西苑3区"
"73","天通西苑3区"
"74","天通西苑3区"
"75","天通西苑3区"
"76","天通西苑3区"
"77","天通西苑3区"
"78","天通西苑3区"
"79","天通西苑3区"
"80","天通西苑3区"
"81","天通西苑3区"
"82","天通西苑3区"
"83","天通西苑3区"
"84","天通西苑3区"
"85","天通西苑3区"
"86","天通西苑3区"
"87","天通西苑3区"
"88","天通西苑3区"
"89","天通西苑3区"
"90","天通西苑3区"
"91","天通西苑3区"
"92","天通西苑3区"
"93","天通西苑3区"
"94","天通西苑3区"
"95","天通西苑3区"
"96","天通西苑3区"
"97","天通西苑3区"
"98","天通西苑3区"
"99","天通西苑3区"
"100","天通西苑3区"
"1","天通苑北一区"
"2","天通苑北一区"
"3","天通苑北一区"
"4","天通苑北一区"
"5","天通苑北一区"
"6","天通苑北一区"
"7","天通苑北一区"
"8","天通苑北一区"
"9","天通苑北一区"
"10","天通苑北一区"
"11","天通苑北一区"
"12","天通苑北一区"
"13","天通苑北一区"
"14","天通苑北一区"
"15","天通苑北一区"
"16","天通苑北一区"
"17","天通苑北一区"
"18","天通苑北一区"
"19","天通苑北一区"
"20","天通苑北一区"
"21","天通苑北一区"
"22","天通苑北一区"
"23","天通苑北一区"
"24","天通苑北一区"
"25","天通苑北一区"
"26","天通苑北一区"
"27","天通苑北一区"
"28","天通苑北一区"
"29","天通苑北一区"
"30","天通苑北一区"
"31","天通苑北一区"
"32","天通苑北一区"
"33","天通苑北一区"
"34","天通苑北一区"
"35","天通苑北一区"
"36","天通苑北一区"
"37","天通苑北一区"
"38","天通苑北一区"
"39","天通苑北一区"
"40","天通苑北一区"
"41","天通苑北一区"
"42","天通苑北一区"
"43","天通苑北一区"
"44","天通苑北一区"
"45","天通苑北一区"
"46","天通苑北一区"
"47","天通苑北一区"
"48","天通苑北一区"
"49","天通苑北一区"
"50","天通苑北一区"
"51","天通苑北一区"
"52","天通苑北一区"
"53","天通苑北一区"
"54","天通苑北一区"
"55","天通苑北一区"
"56","天通苑北一区"
"57","天通苑北一区"
"58","天通苑北一区"
"59","天通苑北一区"
"60","天通苑北一区"
"61","天通苑北一区"
"62","天通苑北一区"
"63","天通苑北一区"
"64","天通苑北一区"
"65","天通苑北一区"
"66","天通苑北一区"
"67","天通苑北一区"
"68","天通苑北一区"
"69","天通苑北一区"
"70","天通苑北一区"
"71","天通苑北一区"
"72","天通苑北一区"
"73","天通苑北一区"
"74","天通苑北一区"
"75","天通苑北一区"
"76","天通苑北一区"
"77","天通苑北一区"
"78","天通苑北一区"
"79","天通苑北一区"
"80","天通苑北一区"
"81","天通苑北一区"
"82","天通苑北一区"
"83","天通苑北一区"
"84","天通苑北一区"
"85","天通苑北一区"
"86","天通苑北一区"
"87","天通苑北一区"
"88","天通苑北一区"
"89","天通苑北一区"
"90","天通苑北一区"
"91","天通苑北一区"
"92","天通苑北一区"
"93","天通苑北一区"
"94","天通苑北一区"
"95","天通苑北一区"
"96","天通苑北一区"
"97","天通苑北一区"
"98","天通苑北一区"
"99","天通苑北一区"
"100","天通苑北一区"
"1","天通西苑1区"
"2","天通西苑1区"
"3","天通西苑1区"
"4","天通西苑1区"
"5","天通西苑1区"
"6","天通西苑1区"
"7","天通西苑1区"
"8","天通西苑1区"
"9","天通西苑1区"
"10","天通西苑1区"
"11","天通西苑1区"
"12","天通西苑1区"
"13","天通西苑1区"
"14","天通西苑1区"
"15","天通西苑1区"
"16","天通西苑1区"
"17","天通西苑1区"
"18","天通西苑1区"
"19","天通西苑1区"
"20","天通西苑1区"
"21","天通西苑1区"
"22","天通西苑1区"
"23","天通西苑1区"
"24","天通西苑1区"
"25","天通西苑1区"
"26","天通西苑1区"
"27","天通西苑1区"
"28","天通西苑1区"
"29","天通西苑1区"
"30","天通西苑1区"
"31","天通西苑1区"
"32","天通西苑1区"
"33","天通西苑1区"
"34","天通西苑1区"
"35","天通西苑1区"
"36","天通西苑1区"
"37","天通西苑1区"
"38","天通西苑1区"
"39","天通西苑1区"
"40","天通西苑1区"
"41","天通西苑1区"
"42","天通西苑1区"
"43","天通西苑1区"
"44","天通西苑1区"
"45","天通西苑1区"
"46","天通西苑1区"
"47","天通西苑1区"
"48","天通西苑1区"
"49","天通西苑1区"
"50","天通西苑1区"
"51","天通西苑1区"
"52","天通西苑1区"
"53","天通西苑1区"
"54","天通西苑1区"
"55","天通西苑1区"
"56","天通西苑1区"
"57","天通西苑1区"
"58","天通西苑1区"
"59","天通西苑1区"
"60","天通西苑1区"
"61","天通西苑1区"
"62","天通西苑1区"
"63","天通西苑1区"
"64","天通西苑1区"
"65","天通西苑1区"
"66","天通西苑1区"
"67","天通西苑1区"
"68","天通西苑1区"
"69","天通西苑1区"
"70","天通西苑1区"
"71","天通西苑1区"
"72","天通西苑1区"
"73","天通西苑1区"
"74","天通西苑1区"
"75","天通西苑1区"
"76","天通西苑1区"
"77","天通西苑1区"
"78","天通西苑1区"
"79","天通西苑1区"
"80","天通西苑1区"
"81","天通西苑1区"
"82","天通西苑1区"
"83","天通西苑1区"
"84","天通西苑1区"
"85","天通西苑1区"
"86","天通西苑1区"
"87","天通西苑1区"
"88","天通西苑1区"
"89","天通西苑1区"
"90","天通西苑1区"
"91","天通西苑1区"
"92","天通西苑1区"
"93","天通西苑1区"
"94","天通西苑1区"
"95","天通西苑1区"
"96","天通西苑1区"
"97","天通西苑1区"
"98","天通西苑1区"
"99","天通西苑1区"
"100","天通西苑1区"
"1","天通苑1区"
"2","天通苑1区"
"3","天通苑1区"
"4","天通苑1区"
"5","天通苑1区"
"6","天通苑1区"
"7","天通苑1区"
"8","天通苑1区"
"9","天通苑1区"
"10","天通苑1区"
"11","天通苑1区"
"12","天通苑1区"
"13","天通苑1区"
"14","天通苑1区"
"15","天通苑1区"
"16","天通苑1区"
"17","天通苑1区"
"18","天通苑1区"
"19","天通苑1区"
"20","天通苑1区"
"21","天通苑1区"
"22","天通苑1区"
"23","天通苑1区"
"24","天通苑1区"
"25","天通苑1区"
"26","天通苑1区"
"27","天通苑1区"
"28","天通苑1区"
"29","天通苑1区"
"30","天通苑1区"
"31","天通苑1区"
"32","天通苑1区"
"33","天通苑1区"
"34","天通苑1区"
"35","天通苑1区"
"36","天通苑1区"
"37","天通苑1区"
"38","天通苑1区"
"39","天通苑1区"
"40","天通苑1区"
"41","天通苑1区"
"42","天通苑1区"
"43","天通苑1区"
"44","天通苑1区"
"45","天通苑1区"
"46","天通苑1区"
"47","天通苑1区"
"48","天通苑1区"
"49","天通苑1区"
"50","天通苑1区"
"51","天通苑1区"
"52","天通苑1区"
"53","天通苑1区"
"54","天通苑1区"
"55","天通苑1区"
"56","天通苑1区"
"57","天通苑1区"
"58","天通苑1区"
"59","天通苑1区"
"60","天通苑1区"
"61","天通苑1区"
"62","天通苑1区"
"63","天通苑1区"
"64","天通苑1区"
"65","天通苑1区"
"66","天通苑1区"
"67","天通苑1区"
"68","天通苑1区"
"69","天通苑1区"
"70","天通苑1区"
"71","天通苑1区"
"72","天通苑1区"
"73","天通苑1区"
"74","天通苑1区"
"75","天通苑1区"
"76","天通苑1区"
"77","天通苑1区"
"78","天通苑1区"
"79","天通苑1区"
"80","天通苑1区"
"81","天通苑1区"
"82","天通苑1区"
"83","天通苑1区"
"84","天通苑1区"
"85","天通苑1区"
"86","天通苑1区"
"87","天通苑1区"
"88","天通苑1区"
"89","天通苑1区"
"90","天通苑1区"
"91","天通苑1区"
"92","天通苑1区"
"93","天通苑1区"
"94","天通苑1区"
"95","天通苑1区"
"96","天通苑1区"
"97","天通苑1区"
"98","天通苑1区"
"99","天通苑1区"
"100","天通苑1区"
"1","北京北"
"2","北京北"
"3","北京北"
"4","北京北"
"5","北京北"
"6","北京北"
"7","北京北"
"8","北京北"
"9","北京北"
"10","北京北"
"11","北京北"
"12","北京北"
"13","北京北"
"14","北京北"
"15","北京北"
"16","北京北"
"17","北京北"
"18","北京北"
"19","北京北"
"20","北京北"
"21","北京北"
"22","北京北"
"23","北京北"
"24","北京北"
"25","北京北"
"26","北京北"
"27","北京北"
"28","北京北"
"29","北京北"
"30","北京北"
"31","北京北"
"32","北京北"
"33","北京北"
"34","北京北"
"35","北京北"
"36","北京北"
"37","北京北"
"38","北京北"
"39","北京北"
"40","北京北"
"41","北京北"
"42","北京北"
"43","北京北"
"44","北京北"
"45","北京北"
"46","北京北"
"47","北京北"
"48","北京北"
"49","北京北"
"50","北京北"
"51","北京北"
"52","北京北"
"53","北京北"
"54","北京北"
"55","北京北"
"56","北京北"
"57","北京北"
"58","北京北"
"59","北京北"
"60","北京北"
"61","北京北"
"62","北京北"
"63","北京北"
"64","北京北"
"65","北京北"
"66","北京北"
"67","北京北"
"68","北京北"
"69","北京北"
"70","北京北"
"71","北京北"
"72","北京北"
"73","北京北"
"74","北京北"
"75","北京北"
"76","北京北"
"77","北京北"
"78","北京北"
"79","北京北"
"80","北京北"
"81","北京北"
"82","北京北"
"83","北京北"
"84","北京北"
"85","北京北"
"86","北京北"
"87","北京北"
"88","北京北"
"89","北京北"
"90","北京北"
"91","北京北"
"92","北京北"
"93","北京北"
"94","北京北"
"95","北京北"
"96","北京北"
"97","北京北"
"98","北京北"
"99","北京北"
"100","北京北"
"1","溪城家"
"2","溪城家"
"3","溪城家"
"4","溪城家"
"5","溪城家"
"6","溪城家"
"7","溪城家"
"8","溪城家"
"9","溪城家"
"10","溪城家"
"11","溪城家"
"12","溪城家"
"13","溪城家"
"14","溪城家"
"15","溪城家"
"16","溪城家"
"17","溪城家"
"18","溪城家"
"19","溪城家"
"20","溪城家"
"21","溪城家"
"22","溪城家"
"23","溪城家"
"24","溪城家"
"25","溪城家"
"26","溪城家"
"27","溪城家"
"28","溪城家"
"29","溪城家"
"30","溪城家"
"31","溪城家"
"32","溪城家"
"33","溪城家"
"34","溪城家"
"35","溪城家"
"36","溪城家"
"37","溪城家"
"38","溪城家"
"39","溪城家"
"40","溪城家"
"41","溪城家"
"42","溪城家"
"43","溪城家"
"44","溪城家"
"45","溪城家"
"46","溪城家"
"47","溪城家"
"48","溪城家"
"49","溪城家"
"50","溪城家"
"51","溪城家"
"52","溪城家"
"53","溪城家"
"54","溪城家"
"55","溪城家"
"56","溪城家"
"57","溪城家"
"58","溪城家"
"59","溪城家"
"60","溪城家"
"61","溪城家"
"62","溪城家"
"63","溪城家"
"64","溪城家"
"65","溪城家"
"66","溪城家"
"67","溪城家"
"68","溪城家"
"69","溪城家"
"70","溪城家"
"71","溪城家"
"72","溪城家"
"73","溪城家"
"74","溪城家"
"75","溪城家"
"76","溪城家"
"77","溪城家"
"78","溪城家"
"79","溪城家"
"80","溪城家"
"81","溪城家"
"82","溪城家"
"83","溪城家"
"84","溪城家"
"85","溪城家"
"86","溪城家"
"87","溪城家"
"88","溪城家"
"89","溪城家"
"90","溪城家"
"91","溪城家"
"92","溪城家"
"93","溪城家"
"94","溪城家"
"95","溪城家"
"96","溪城家"
"97","溪城家"
"98","溪城家"
"99","溪城家"
"100","溪城家"
